step,wall_timestamp,phase,duration_sec,gpu_mem_mb
0,1775486750.1844985,forward,0.2957702651619911,22104.0
0,1775486750.652938,backward,0.46826346777379513,24028.0
0,1775486750.6651833,optimizer,0.012080973014235497,24028.0
1,1775486751.248113,forward,0.1938206572085619,24028.0
1,1775486751.65032,backward,0.40201945044100285,24028.0
1,1775486751.653026,optimizer,0.0025336984544992447,24028.0
2,1775486752.1525483,forward,0.1939743384718895,24028.0
2,1775486752.554256,backward,0.40151509270071983,24028.0
2,1775486752.5571477,optimizer,0.002666611224412918,24028.0
3,1775486753.0236287,forward,0.1939040869474411,24028.0
3,1775486753.4254994,backward,0.4016404338181019,24028.0
3,1775486753.428311,optimizer,0.0026278123259544373,24028.0
4,1775486753.911054,forward,0.19393737986683846,24028.0
4,1775486754.3128996,backward,0.40158458426594734,24028.0
4,1775486754.3157394,optimizer,0.0026685018092393875,24028.0
5,1775486754.8125226,forward,0.19393892958760262,24028.0
5,1775486755.2148626,backward,0.40214046463370323,24028.0
5,1775486755.2176025,optimizer,0.0025700628757476807,24028.0
6,1775486755.7301743,forward,0.19415830075740814,24028.0
6,1775486756.132136,backward,0.4017913080751896,24028.0
6,1775486756.136958,optimizer,0.004655715078115463,24028.0
7,1775486756.6366556,forward,0.1939167082309723,24028.0
7,1775486757.0383763,backward,0.4015526920557022,24028.0
7,1775486757.0410838,optimizer,0.002542750909924507,24028.0
8,1775486757.5212228,forward,0.19396685808897018,24028.0
8,1775486757.9228857,backward,0.4014729242771864,24028.0
8,1775486757.9258077,optimizer,0.00270836241543293,24028.0
9,1775486758.42376,forward,0.19391538761556149,24028.0
9,1775486758.8257363,backward,0.4018045775592327,24028.0
9,1775486758.8305185,optimizer,0.0045527443289756775,24028.0
10,1775486759.307572,forward,0.19394476898014545,24028.0
10,1775486759.7093782,backward,0.40163394808769226,24028.0
10,1775486759.7121403,optimizer,0.0025701988488435745,24028.0
11,1775486760.183723,forward,0.19454159773886204,24028.0
11,1775486760.5856977,backward,0.4017771277576685,24028.0
11,1775486760.5884757,optimizer,0.0026099812239408493,24028.0
12,1775486761.06217,forward,0.1942000910639763,24028.0
12,1775486761.4640853,backward,0.40175006724894047,24028.0
12,1775486761.4668052,optimizer,0.0025520920753479004,24028.0
13,1775486761.9633868,forward,0.19393535517156124,24028.0
13,1775486762.3654578,backward,0.40188837982714176,24028.0
13,1775486762.368215,optimizer,0.0025856010615825653,24028.0
14,1775486762.8767264,forward,0.19399851001799107,24028.0
14,1775486763.2783597,backward,0.40146042220294476,24028.0
14,1775486763.28124,optimizer,0.002639012411236763,24028.0
15,1775486763.7532165,forward,0.19391968846321106,24028.0
15,1775486764.155139,backward,0.4017542880028486,24028.0
15,1775486764.1581163,optimizer,0.0027399826794862747,24028.0
16,1775486764.6482272,forward,0.19400853104889393,24028.0
16,1775486765.0504408,backward,0.4020443595945835,24028.0
16,1775486765.0532458,optimizer,0.00259409099817276,24028.0
17,1775486765.5205338,forward,0.19388971664011478,24028.0
17,1775486765.922649,backward,0.4019463527947664,24028.0
17,1775486765.9253676,optimizer,0.0025530103594064713,24028.0
18,1775486766.4127789,forward,0.19400311075150967,24028.0
18,1775486766.8147614,backward,0.4017216768115759,24028.0
18,1775486766.8175766,optimizer,0.002651013433933258,24028.0
19,1775486767.286475,forward,0.19409275986254215,24028.0
19,1775486767.6880875,backward,0.4014469813555479,24028.0
19,1775486767.6908102,optimizer,0.0025564301759004593,24028.0
20,1775486768.1597579,forward,0.1942701917141676,24028.0
20,1775486768.561479,backward,0.4015543442219496,24028.0
20,1775486768.5641959,optimizer,0.0025495532900094986,24028.0
21,1775486769.0526426,forward,0.19397146813571453,24028.0
21,1775486769.454559,backward,0.40174845792353153,24028.0
21,1775486769.4574897,optimizer,0.0027489345520734787,24028.0
22,1775486769.940597,forward,0.19401288963854313,24028.0
22,1775486770.3424876,backward,0.40171895921230316,24028.0
22,1775486770.3452313,optimizer,0.0025751907378435135,24028.0
23,1775486770.827236,forward,0.19427023082971573,24028.0
23,1775486771.2291794,backward,0.4017503969371319,24028.0
23,1775486771.231924,optimizer,0.0025765616446733475,24028.0
24,1775486771.7136714,forward,0.1939261592924595,24028.0
24,1775486772.1153817,backward,0.4015429448336363,24028.0
24,1775486772.1182775,optimizer,0.0026679039001464844,24028.0
25,1775486772.6028385,forward,0.19390163756906986,24028.0
25,1775486773.004815,backward,0.4018039181828499,24028.0
25,1775486773.007565,optimizer,0.0025867298245429993,24028.0
26,1775486773.483442,forward,0.1940641887485981,24028.0
26,1775486773.8854775,backward,0.4018569104373455,24028.0
26,1775486773.888251,optimizer,0.002590978518128395,24028.0
27,1775486774.371725,forward,0.1940081100910902,24028.0
27,1775486774.7734034,backward,0.4015137627720833,24028.0
27,1775486774.77608,optimizer,0.00250265933573246,24028.0
28,1775486775.266177,forward,0.19461078755557537,24028.0
28,1775486775.6682918,backward,0.40191802754998207,24028.0
28,1775486775.6710007,optimizer,0.0025418102741241455,24028.0
29,1775486776.1336915,forward,0.19384875893592834,24028.0
29,1775486776.5355268,backward,0.40166263468563557,24028.0
29,1775486776.5381918,optimizer,0.0024994201958179474,24028.0
30,1775486777.0062132,forward,0.19429418072104454,24028.0
30,1775486777.408245,backward,0.40185996890068054,24028.0
30,1775486777.4109163,optimizer,0.0022721271961927414,24028.0
31,1775486777.898246,forward,0.19406535848975182,24028.0
31,1775486778.300179,backward,0.4017620477825403,24028.0
31,1775486778.302844,optimizer,0.0024987123906612396,24028.0
32,1775486778.8066156,forward,0.19406806118786335,24028.0
32,1775486779.208688,backward,0.4019037429243326,24028.0
32,1775486779.211369,optimizer,0.0025143902748823166,24028.0
33,1775486779.7213929,forward,0.19392945803701878,24028.0
33,1775486780.123295,backward,0.4017121959477663,24028.0
33,1775486780.1259508,optimizer,0.0024883002042770386,24028.0
34,1775486780.5937805,forward,0.19422752410173416,24028.0
34,1775486780.9956152,backward,0.401641346514225,24028.0
34,1775486780.998284,optimizer,0.002501649782061577,24028.0
35,1775486781.484208,forward,0.19397948682308197,24028.0
35,1775486781.8863258,backward,0.40194781869649887,24028.0
35,1775486781.8889968,optimizer,0.002508031204342842,24028.0
36,1775486782.3774529,forward,0.19406040012836456,24028.0
36,1775486782.7794664,backward,0.4018020983785391,24028.0
36,1775486782.7822208,optimizer,0.0025899317115545273,24028.0
37,1775486783.2531881,forward,0.19402984902262688,24028.0
37,1775486783.6550453,backward,0.4016869571059942,24028.0
37,1775486783.6577036,optimizer,0.002487100660800934,24028.0
38,1775486784.1526499,forward,0.19405179098248482,24028.0
38,1775486784.554784,backward,0.4019526019692421,24028.0
38,1775486784.5575056,optimizer,0.0025419089943170547,24028.0
39,1775486785.0209827,forward,0.1939822882413864,24028.0
39,1775486785.4228876,backward,0.4017375260591507,24028.0
39,1775486785.425551,optimizer,0.002494480460882187,24028.0
40,1775486785.8875997,forward,0.19410273991525173,24028.0
40,1775486786.2893486,backward,0.4015784114599228,24028.0
40,1775486786.2927299,optimizer,0.0031199827790260315,24028.0
41,1775486786.775883,forward,0.19402027875185013,24028.0
41,1775486787.1780322,backward,0.40198271907866,24028.0
41,1775486787.1806955,optimizer,0.002497458830475807,24028.0
42,1775486787.6427708,forward,0.19395936653017998,24028.0
42,1775486788.0447612,backward,0.40181685984134674,24028.0
42,1775486788.0474427,optimizer,0.0022806841880083084,24028.0
43,1775486788.5118234,forward,0.1940443180501461,24028.0
43,1775486788.9140174,backward,0.4019942805171013,24028.0
43,1775486788.9167502,optimizer,0.002568911761045456,24028.0
44,1775486789.4086666,forward,0.19396506808698177,24028.0
44,1775486789.8105652,backward,0.4017276968806982,24028.0
44,1775486789.813291,optimizer,0.002552652731537819,24028.0
45,1775486790.2831492,forward,0.19398881867527962,24028.0
45,1775486790.6848884,backward,0.4015708640217781,24028.0
45,1775486790.6876,optimizer,0.0022969357669353485,24028.0
46,1775486791.1715317,forward,0.19409449957311153,24028.0
46,1775486791.5734148,backward,0.401711517944932,24028.0
46,1775486791.5760849,optimizer,0.0024974606931209564,24028.0
47,1775486792.0634494,forward,0.1939453687518835,24028.0
47,1775486792.4656668,backward,0.40204495936632156,24028.0
47,1775486792.468389,optimizer,0.0025545191019773483,24028.0
48,1775486792.9585454,forward,0.19396949745714664,24028.0
48,1775486793.360347,backward,0.4016305934637785,24028.0
48,1775486793.3631923,optimizer,0.0026064198464155197,24028.0
49,1775486793.8654566,forward,0.19397866912186146,24028.0
49,1775486794.267237,backward,0.40160229429602623,24028.0
49,1775486794.2699003,optimizer,0.0024953503161668777,24028.0
50,1775486794.748398,forward,0.19391360878944397,24028.0
50,1775486795.1506894,backward,0.4021228924393654,24028.0
50,1775486795.1533704,optimizer,0.002512071281671524,24028.0
51,1775486795.656363,forward,0.193953737616539,24028.0
51,1775486796.0584447,backward,0.4018676280975342,24028.0
51,1775486796.061195,optimizer,0.0025844406336545944,24028.0
52,1775486796.5405598,forward,0.19387887604534626,24028.0
52,1775486796.9420152,backward,0.4012847002595663,24028.0
52,1775486796.9447324,optimizer,0.0025541018694639206,24028.0
53,1775486797.4422932,forward,0.19397378712892532,24028.0
53,1775486797.8443813,backward,0.4019194282591343,24028.0
53,1775486797.847287,optimizer,0.0026662126183509827,24028.0
54,1775486798.3479342,forward,0.193970687687397,24028.0
54,1775486798.7495427,backward,0.40144192427396774,24028.0
54,1775486798.7522712,optimizer,0.0025605708360671997,24028.0
55,1775486799.2258444,forward,0.19395091570913792,24028.0
55,1775486799.6275938,backward,0.40158410370349884,24028.0
55,1775486799.6303046,optimizer,0.0025359410792589188,24028.0
56,1775486800.1040616,forward,0.19394541531801224,24028.0
56,1775486800.5062618,backward,0.40203058905899525,24028.0
56,1775486800.5089636,optimizer,0.002537880092859268,24028.0
57,1775486800.9810743,forward,0.19465656951069832,24028.0
57,1775486801.3832612,backward,0.4019859991967678,24028.0
57,1775486801.3860264,optimizer,0.002599913626909256,24028.0
58,1775486801.8618655,forward,0.1939410585910082,24028.0
58,1775486802.2637458,backward,0.40171259455382824,24028.0
58,1775486802.2664714,optimizer,0.00255587138235569,24028.0
59,1775486802.7672305,forward,0.1939900703728199,24028.0
59,1775486803.1690109,backward,0.4016126040369272,24028.0
59,1775486803.1717274,optimizer,0.0025459788739681244,24028.0
60,1775486803.6443906,forward,0.19384402595460415,24028.0
60,1775486804.0463874,backward,0.40182762034237385,24028.0
60,1775486804.0518217,optimizer,0.00523994117975235,24028.0
61,1775486804.55225,forward,0.1938983965665102,24028.0
61,1775486804.953945,backward,0.4015244524925947,24028.0
61,1775486804.956655,optimizer,0.002546541392803192,24028.0
62,1775486805.4292872,forward,0.1940223090350628,24028.0
62,1775486805.8312569,backward,0.4017999079078436,24028.0
62,1775486805.8339787,optimizer,0.0025548189878463745,24028.0
63,1775486806.3103049,forward,0.19398552738130093,24028.0
63,1775486806.7119877,backward,0.40151401422917843,24028.0
63,1775486806.7146983,optimizer,0.002543412148952484,24028.0
64,1775486807.2085986,forward,0.1942097209393978,24028.0
64,1775486807.6103802,backward,0.4016148652881384,24028.0
64,1775486807.6131065,optimizer,0.0025638118386268616,24028.0
65,1775486808.1023793,forward,0.19400744698941708,24028.0
65,1775486808.5041656,backward,0.4016192052513361,24028.0
65,1775486808.506885,optimizer,0.0025510210543870926,24028.0
66,1775486808.9801867,forward,0.19402957893908024,24028.0
66,1775486809.3822017,backward,0.40183972753584385,24028.0
66,1775486809.3849125,optimizer,0.002544540911912918,24028.0
67,1775486809.8515635,forward,0.1940359380096197,24028.0
67,1775486810.253565,backward,0.4017555173486471,24028.0
67,1775486810.256345,optimizer,0.0026117414236068726,24028.0
68,1775486810.741561,forward,0.19400485046207905,24028.0
68,1775486811.1433618,backward,0.4016344752162695,24028.0
68,1775486811.146089,optimizer,0.002559918910264969,24028.0
69,1775486811.613491,forward,0.19390555657446384,24028.0
69,1775486812.0152867,backward,0.4016245845705271,24028.0
69,1775486812.018008,optimizer,0.0025586020201444626,24028.0
70,1775486812.4890563,forward,0.19399334862828255,24028.0
70,1775486812.8910356,backward,0.40180736780166626,24028.0
70,1775486812.893933,optimizer,0.002671262249350548,24028.0
71,1775486813.3802147,forward,0.19398856721818447,24028.0
71,1775486813.7818975,backward,0.4015080537647009,24028.0
71,1775486813.7894666,optimizer,0.0074033476412296295,24028.0
72,1775486814.266787,forward,0.19397678785026073,24028.0
72,1775486814.669126,backward,0.40217033214867115,24028.0
72,1775486814.6718497,optimizer,0.0025599710643291473,24028.0
73,1775486815.1657522,forward,0.1938798688352108,24028.0
73,1775486815.5674503,backward,0.40152951516211033,24028.0
73,1775486815.5701602,optimizer,0.002543751150369644,24028.0
74,1775486816.058441,forward,0.19402729906141758,24028.0
74,1775486816.4605281,backward,0.4019030388444662,24028.0
74,1775486816.4632878,optimizer,0.0025935526937246323,24028.0
75,1775486816.9376206,forward,0.19402354955673218,24028.0
75,1775486817.3394082,backward,0.40161770582199097,24028.0
75,1775486817.3421192,optimizer,0.002551993355154991,24028.0
76,1775486817.8116562,forward,0.1940271407365799,24028.0
76,1775486818.213768,backward,0.4019419066607952,24028.0
76,1775486818.216483,optimizer,0.0024435892701148987,24028.0
77,1775486818.6911988,forward,0.19399268925189972,24028.0
77,1775486819.093213,backward,0.4018451105803251,24028.0
77,1775486819.0959384,optimizer,0.0025610532611608505,24028.0
78,1775486819.582051,forward,0.1941019594669342,24028.0
78,1775486819.9840822,backward,0.4017837755382061,24028.0
78,1775486819.9868333,optimizer,0.002584841102361679,24028.0
79,1775486820.4678895,forward,0.19400362856686115,24028.0
79,1775486820.870324,backward,0.4022646751254797,24028.0
79,1775486820.8730352,optimizer,0.002546839416027069,24028.0
80,1775486821.353708,forward,0.19397791102528572,24028.0
80,1775486821.7555234,backward,0.4016466550529003,24028.0
80,1775486821.760418,optimizer,0.004730125889182091,24028.0
81,1775486822.2500248,forward,0.19402895867824554,24028.0
81,1775486822.6518626,backward,0.401668855920434,24028.0
81,1775486822.6545675,optimizer,0.002540191635489464,24028.0
82,1775486823.1213408,forward,0.1940257977694273,24028.0
82,1775486823.523257,backward,0.40174693800508976,24028.0
82,1775486823.5263677,optimizer,0.0029203761368989944,24028.0
83,1775486824.0116577,forward,0.19397138804197311,24028.0
83,1775486824.413505,backward,0.401679627597332,24028.0
83,1775486824.4162312,optimizer,0.0025516506284475327,24028.0
84,1775486824.8962448,forward,0.19395420886576176,24028.0
84,1775486825.2978723,backward,0.4014565125107765,24028.0
84,1775486825.300601,optimizer,0.0025600511580705643,24028.0
85,1775486825.765016,forward,0.1940730083733797,24028.0
85,1775486826.1670597,backward,0.40187553875148296,24028.0
85,1775486826.1697733,optimizer,0.0025473497807979584,24028.0
86,1775486826.6514776,forward,0.1940286885946989,24028.0
86,1775486827.0533614,backward,0.40171289443969727,24028.0
86,1775486827.0560734,optimizer,0.002537941560149193,24028.0
87,1775486827.5163794,forward,0.19404187053442,24028.0
87,1775486827.918675,backward,0.40210757218301296,24028.0
87,1775486827.9214041,optimizer,0.002563619986176491,24028.0
88,1775486828.4229686,forward,0.19397282786667347,24028.0
88,1775486828.8250926,backward,0.4019384402781725,24028.0
88,1775486828.8277802,optimizer,0.00225723534822464,24028.0
89,1775486829.3093448,forward,0.1940353699028492,24028.0
89,1775486829.7112055,backward,0.4016890153288841,24028.0
89,1775486829.7139251,optimizer,0.0025449395179748535,24028.0
90,1775486830.1778848,forward,0.19398975931107998,24028.0
90,1775486830.580052,backward,0.4020015988498926,24028.0
90,1775486830.5868359,optimizer,0.006618903949856758,24028.0
91,1775486831.0802455,forward,0.19401314854621887,24028.0
91,1775486831.4822803,backward,0.40183047764003277,24028.0
91,1775486831.4864473,optimizer,0.003930462524294853,24028.0
92,1775486831.9787374,forward,0.19415557011961937,24028.0
92,1775486832.3805897,backward,0.4016837552189827,24028.0
92,1775486832.3832645,optimizer,0.0025090593844652176,24028.0
93,1775486832.857224,forward,0.19398426823318005,24028.0
93,1775486833.2591298,backward,0.4017395246773958,24028.0
93,1775486833.2618349,optimizer,0.002537699416279793,24028.0
94,1775486833.7527318,forward,0.19409839995205402,24028.0
94,1775486834.1544168,backward,0.40151769295334816,24028.0
94,1775486834.1601567,optimizer,0.005576048046350479,24028.0
95,1775486834.6377044,forward,0.19405435025691986,24028.0
95,1775486835.0393422,backward,0.4014691635966301,24028.0
95,1775486835.0420597,optimizer,0.0025499090552330017,24028.0
96,1775486835.517964,forward,0.19407702051103115,24028.0
96,1775486835.9198759,backward,0.40169766917824745,24028.0
96,1775486835.9226806,optimizer,0.002636851742863655,24028.0
97,1775486836.4200096,forward,0.19397919811308384,24028.0
97,1775486836.8220599,backward,0.4018792174756527,24028.0
97,1775486836.8263478,optimizer,0.004122467711567879,24028.0
98,1775486837.3010867,forward,0.1939462088048458,24028.0
98,1775486837.703071,backward,0.40181291848421097,24028.0
98,1775486837.7057903,optimizer,0.0025519393384456635,24028.0
99,1775486838.1787438,forward,0.19402394071221352,24028.0
99,1775486838.5803885,backward,0.4014753233641386,24028.0
99,1775486838.583107,optimizer,0.0025527793914079666,24028.0
100,1775486839.0559886,forward,0.1939836796373129,24028.0
100,1775486839.4581943,backward,0.4020401630550623,24028.0
100,1775486839.4610667,optimizer,0.002631472423672676,24028.0
101,1775486839.9569914,forward,0.1940390896052122,24028.0
101,1775486840.3591297,backward,0.4019708391278982,24028.0
101,1775486840.3618526,optimizer,0.0025583188980817795,24028.0
102,1775486840.8343568,forward,0.19396674819290638,24028.0
102,1775486841.2361734,backward,0.4016479030251503,24028.0
102,1775486841.2388716,optimizer,0.0025322325527668,24028.0
103,1775486841.7125876,forward,0.19404640048742294,24028.0
103,1775486842.1147542,backward,0.4019972402602434,24028.0
103,1775486842.1174793,optimizer,0.002559959888458252,24028.0
104,1775486842.6048508,forward,0.19401521980762482,24028.0
104,1775486843.0067115,backward,0.40169360861182213,24028.0
104,1775486843.009444,optimizer,0.0025657713413238525,24028.0
105,1775486843.4969587,forward,0.1939963586628437,24028.0
105,1775486843.8990016,backward,0.4018734470009804,24028.0
105,1775486843.9016516,optimizer,0.002482401207089424,24028.0
106,1775486844.3792136,forward,0.194652758538723,24028.0
106,1775486844.7813542,backward,0.40194285847246647,24028.0
106,1775486844.7840538,optimizer,0.0025300104171037674,24028.0
107,1775486845.2535744,forward,0.19409123063087463,24028.0
107,1775486845.6555884,backward,0.40184531547129154,24028.0
107,1775486845.6583016,optimizer,0.00254715234041214,24028.0
108,1775486846.1301599,forward,0.1940432209521532,24028.0
108,1775486846.531932,backward,0.40160289593040943,24028.0
108,1775486846.5346384,optimizer,0.002540329471230507,24028.0
109,1775486847.0250463,forward,0.19397266022861004,24028.0
109,1775486847.4271505,backward,0.40193445794284344,24028.0
109,1775486847.429872,optimizer,0.0025498326867818832,24028.0
110,1775486847.9083424,forward,0.19409249909222126,24028.0
110,1775486848.3102973,backward,0.4017868973314762,24028.0
110,1775486848.313018,optimizer,0.002554088830947876,24028.0
111,1775486848.8043835,forward,0.19400404766201973,24028.0
111,1775486849.20636,backward,0.40180878713727,24028.0
111,1775486849.2118912,optimizer,0.005366005003452301,24028.0
112,1775486849.7051535,forward,0.19430174306035042,24028.0
112,1775486850.1072114,backward,0.4018842503428459,24028.0
112,1775486850.1099455,optimizer,0.0025645792484283447,24028.0
113,1775486850.6099179,forward,0.19403736107051373,24028.0
113,1775486851.011734,backward,0.4016477670520544,24028.0
113,1775486851.0144477,optimizer,0.00253341905772686,24028.0
114,1775486851.4883993,forward,0.19400989636778831,24028.0
114,1775486851.8902314,backward,0.40166231617331505,24028.0
114,1775486851.8929474,optimizer,0.00254695862531662,24028.0
115,1775486852.3742223,forward,0.19404789805412292,24028.0
115,1775486852.7764153,backward,0.4020244926214218,24028.0
115,1775486852.7791348,optimizer,0.0025557614862918854,24028.0
116,1775486853.2616928,forward,0.1940195206552744,24028.0
116,1775486853.6638675,backward,0.40200500935316086,24028.0
116,1775486853.666586,optimizer,0.002551442012190819,24028.0
117,1775486854.1468894,forward,0.19402695819735527,24028.0
117,1775486854.5487533,backward,0.40169839560985565,24028.0
117,1775486854.551705,optimizer,0.00276753306388855,24028.0
118,1775486855.043884,forward,0.1942063421010971,24028.0
118,1775486855.445854,backward,0.4017965290695429,24028.0
118,1775486855.4485676,optimizer,0.00254896841943264,24028.0
119,1775486855.9376452,forward,0.19400319829583168,24028.0
119,1775486856.3393466,backward,0.4015341941267252,24028.0
119,1775486856.3420613,optimizer,0.0025476720184087753,24028.0
120,1775486856.8289042,forward,0.1939865369349718,24028.0
120,1775486857.2306275,backward,0.4015457946807146,24028.0
120,1775486857.2333493,optimizer,0.0025550201535224915,24028.0
121,1775486857.6963518,forward,0.19404149986803532,24028.0
121,1775486858.0984826,backward,0.40196407958865166,24028.0
121,1775486858.101192,optimizer,0.0025450419634580612,24028.0
122,1775486858.5799282,forward,0.19401093013584614,24028.0
122,1775486858.9819276,backward,0.4018275588750839,24028.0
122,1775486858.9846458,optimizer,0.0025368593633174896,24028.0
123,1775486859.4654603,forward,0.19398233108222485,24028.0
123,1775486859.867545,backward,0.4018283896148205,24028.0
123,1775486859.8703418,optimizer,0.0026235226541757584,24028.0
124,1775486860.3550053,forward,0.19414264895021915,24028.0
124,1775486860.7571023,backward,0.4019288085401058,24028.0
124,1775486860.7635224,optimizer,0.006251620128750801,24028.0
125,1775486861.2527256,forward,0.19401188008487225,24028.0
125,1775486861.654889,backward,0.4019917119294405,24028.0
125,1775486861.6576102,optimizer,0.0025552045553922653,24028.0
126,1775486862.12709,forward,0.19406208954751492,24028.0
126,1775486862.5288315,backward,0.4015730135142803,24028.0
126,1775486862.5315564,optimizer,0.002559572458267212,24028.0
127,1775486862.9962816,forward,0.19404087960720062,24028.0
127,1775486863.3981478,backward,0.401697413995862,24028.0
127,1775486863.4008446,optimizer,0.0025313813239336014,24028.0
128,1775486863.8824081,forward,0.1940305195748806,24028.0
128,1775486864.2845545,backward,0.401976240798831,24028.0
128,1775486864.2872658,optimizer,0.0025452803820371628,24028.0
129,1775486864.7708511,forward,0.19406815990805626,24028.0
129,1775486865.1728156,backward,0.4017559867352247,24028.0
129,1775486865.1756413,optimizer,0.0026455912739038467,24028.0
130,1775486865.6469035,forward,0.19404749758541584,24028.0
130,1775486866.048938,backward,0.40186507999897003,24028.0
130,1775486866.0516603,optimizer,0.0025551188737154007,24028.0
131,1775486866.5412333,forward,0.19409224018454552,24028.0
131,1775486866.94308,backward,0.40167592838406563,24028.0
131,1775486866.9457986,optimizer,0.002552090212702751,24028.0
132,1775486867.4080212,forward,0.19410734251141548,24028.0
132,1775486867.8102643,backward,0.4020734429359436,24028.0
132,1775486867.8129902,optimizer,0.0025586187839508057,24028.0
133,1775486868.2783065,forward,0.19411128014326096,24028.0
133,1775486868.680178,backward,0.4017017763108015,24028.0
133,1775486868.682912,optimizer,0.002568872645497322,24028.0
134,1775486869.1489828,forward,0.19397944770753384,24028.0
134,1775486869.551048,backward,0.401890667155385,24028.0
134,1775486869.556038,optimizer,0.004668783396482468,24028.0
135,1775486870.0462096,forward,0.19410108029842377,24028.0
135,1775486870.4483078,backward,0.4019334316253662,24028.0
135,1775486870.4510279,optimizer,0.0025548897683620453,24028.0
136,1775486870.9320188,forward,0.19407425075769424,24028.0
136,1775486871.3338742,backward,0.401653403416276,24028.0
136,1775486871.336587,optimizer,0.0025436189025640488,24028.0
137,1775486871.7983708,forward,0.19400825537741184,24028.0
137,1775486872.2003043,backward,0.40176301822066307,24028.0
137,1775486872.2030423,optimizer,0.0025715623050928116,24028.0
138,1775486872.6668491,forward,0.1940556801855564,24028.0
138,1775486873.0686908,backward,0.4016687963157892,24028.0
138,1775486873.071393,optimizer,0.0025211796164512634,24028.0
139,1775486873.5374854,forward,0.19412476010620594,24028.0
139,1775486873.9396179,backward,0.40195663273334503,24028.0
139,1775486873.942291,optimizer,0.002506488934159279,24028.0
140,1775486874.410106,forward,0.19395074807107449,24028.0
140,1775486874.8123121,backward,0.4020376931875944,24028.0
140,1775486874.8149939,optimizer,0.002514360472559929,24028.0
141,1775486875.2806947,forward,0.19411905109882355,24028.0
141,1775486875.6825218,backward,0.4016574081033468,24028.0
141,1775486875.6851826,optimizer,0.002492273226380348,24028.0
142,1775486876.1485345,forward,0.1940912026911974,24028.0
142,1775486876.550656,backward,0.4018626604229212,24028.0
142,1775486876.553417,optimizer,0.0025949515402317047,24028.0
143,1775486877.0388494,forward,0.1941990926861763,24028.0
143,1775486877.4409235,backward,0.4019036088138819,24028.0
143,1775486877.443597,optimizer,0.0025064200162887573,24028.0
144,1775486877.9246883,forward,0.19404063187539577,24028.0
144,1775486878.3266237,backward,0.40176860615611076,24028.0
144,1775486878.3293319,optimizer,0.00254254974424839,24028.0
145,1775486878.793015,forward,0.19401255995035172,24028.0
145,1775486879.1949391,backward,0.4017559476196766,24028.0
145,1775486879.197674,optimizer,0.002568483352661133,24028.0
146,1775486879.6863027,forward,0.19404663890600204,24028.0
146,1775486880.0882397,backward,0.401759197935462,24028.0
146,1775486880.0908768,optimizer,0.002473600208759308,24028.0
147,1775486880.5669127,forward,0.19403268955647945,24028.0
147,1775486880.9689422,backward,0.40185827016830444,24028.0
147,1775486880.9716618,optimizer,0.002540750429034233,24028.0
148,1775486881.435497,forward,0.19399010762572289,24028.0
148,1775486881.8377645,backward,0.40210011415183544,24028.0
148,1775486881.8404648,optimizer,0.002535192295908928,24028.0
149,1775486882.3008208,forward,0.19405209831893444,24028.0
149,1775486882.7029579,backward,0.40196886099874973,24028.0
149,1775486882.7061095,optimizer,0.00295848585665226,24028.0
150,1775486883.1997318,forward,0.194017069414258,24028.0
150,1775486883.6016107,backward,0.4017065782099962,24028.0
150,1775486883.60427,optimizer,0.0024949107319116592,24028.0
151,1775486884.0899782,forward,0.19400784000754356,24028.0
151,1775486884.4919357,backward,0.40178989991545677,24028.0
151,1775486884.4945917,optimizer,0.002489181235432625,24028.0
152,1775486884.9621506,forward,0.19555730372667313,24028.0
152,1775486885.3640275,backward,0.4016896151006222,24028.0
152,1775486885.366691,optimizer,0.0024997014552354813,24028.0
153,1775486885.8525748,forward,0.193974107503891,24028.0
153,1775486886.2547522,backward,0.40201109275221825,24028.0
153,1775486886.2574232,optimizer,0.0025003794580698013,24028.0
154,1775486886.751165,forward,0.193983668461442,24028.0
154,1775486887.153175,backward,0.40184132009744644,24028.0
154,1775486887.1559129,optimizer,0.0025691501796245575,24028.0
155,1775486887.6447058,forward,0.19404315017163754,24028.0
155,1775486888.0465236,backward,0.40165130607783794,24028.0
155,1775486888.049185,optimizer,0.002499466761946678,24028.0
156,1775486888.5410907,forward,0.19406408071517944,24028.0
156,1775486888.9430602,backward,0.4018022455275059,24028.0
156,1775486888.9457278,optimizer,0.00249687023460865,24028.0
157,1775486889.430265,forward,0.19391975551843643,24028.0
157,1775486889.8321528,backward,0.4017119091004133,24028.0
157,1775486889.8348238,optimizer,0.002500297501683235,24028.0
158,1775486890.3197553,forward,0.1940354984253645,24028.0
158,1775486890.721539,backward,0.40161471627652645,24028.0
158,1775486890.724203,optimizer,0.00249473936855793,24028.0
159,1775486891.1919332,forward,0.19403214752674103,24028.0
159,1775486891.593922,backward,0.4018195476382971,24028.0
159,1775486891.5965865,optimizer,0.00250324048101902,24028.0
160,1775486892.0783062,forward,0.19399712793529034,24028.0
160,1775486892.4802752,backward,0.40180033817887306,24028.0
160,1775486892.4845355,optimizer,0.004094785079360008,24028.0
161,1775486892.9507067,forward,0.19408318027853966,24028.0
161,1775486893.3528388,backward,0.4019465185701847,24028.0
161,1775486893.3555617,optimizer,0.0025549400597810745,24028.0
162,1775486893.8432453,forward,0.19399126805365086,24028.0
162,1775486894.2451708,backward,0.40175588615238667,24028.0
162,1775486894.2478209,optimizer,0.0024847127497196198,24028.0
163,1775486894.732247,forward,0.19412041828036308,24028.0
163,1775486895.1342435,backward,0.40183022804558277,24028.0
163,1775486895.1369605,optimizer,0.002536352723836899,24028.0
164,1775486895.6175857,forward,0.19395910762250423,24028.0
164,1775486896.019547,backward,0.4017866291105747,24028.0
164,1775486896.022368,optimizer,0.002583751454949379,24028.0
165,1775486896.5085785,forward,0.1941136121749878,24028.0
165,1775486896.9105246,backward,0.40177364833652973,24028.0
165,1775486896.913198,optimizer,0.002505248412489891,24028.0
166,1775486897.4026203,forward,0.19401689805090427,24028.0
166,1775486897.8045561,backward,0.4017658978700638,24028.0
166,1775486897.8072135,optimizer,0.0024916790425777435,24028.0
167,1775486898.2868128,forward,0.19390053860843182,24028.0
167,1775486898.6886628,backward,0.40168030746281147,24028.0
167,1775486898.6913848,optimizer,0.002557072788476944,24028.0
168,1775486899.1558206,forward,0.19401349127292633,24028.0
168,1775486899.5574837,backward,0.4014966208487749,24028.0
168,1775486899.560134,optimizer,0.0024880096316337585,24028.0
169,1775486900.0264804,forward,0.19395936653017998,24028.0
169,1775486900.4287455,backward,0.40209298208355904,24028.0
169,1775486900.431437,optimizer,0.0025225207209587097,24028.0
170,1775486900.903258,forward,0.19393671862781048,24028.0
170,1775486901.3054194,backward,0.40197477117180824,24028.0
170,1775486901.308151,optimizer,0.0025586020201444626,24028.0
171,1775486901.787112,forward,0.19403368793427944,24028.0
171,1775486902.18911,backward,0.4018243979662657,24028.0
171,1775486902.191783,optimizer,0.002508360892534256,24028.0
172,1775486902.6577995,forward,0.19402224756777287,24028.0
172,1775486903.059956,backward,0.4019477888941765,24028.0
172,1775486903.0627146,optimizer,0.0023455284535884857,24028.0
173,1775486903.5653582,forward,0.19408228062093258,24028.0
173,1775486903.9673514,backward,0.4018289279192686,24028.0
173,1775486903.9700217,optimizer,0.002504240721464157,24028.0
174,1775486904.4396155,forward,0.19400839880108833,24028.0
174,1775486904.8417373,backward,0.4019496887922287,24028.0
174,1775486904.8443928,optimizer,0.0024902112782001495,24028.0
175,1775486905.311982,forward,0.19398127682507038,24028.0
175,1775486905.7136953,backward,0.4015425145626068,24028.0
175,1775486905.7163427,optimizer,0.0024811886250972748,24028.0
176,1775486906.1852038,forward,0.19402716122567654,24028.0
176,1775486906.5869641,backward,0.4015909545123577,24028.0
176,1775486906.5896108,optimizer,0.0024839676916599274,24028.0
177,1775486907.072997,forward,0.19397518783807755,24028.0
177,1775486907.4750104,backward,0.401843897998333,24028.0
177,1775486907.477652,optimizer,0.0024774596095085144,24028.0
178,1775486907.9461272,forward,0.19399607926607132,24028.0
178,1775486908.34797,backward,0.40167226642370224,24028.0
178,1775486908.350647,optimizer,0.002509329468011856,24028.0
179,1775486908.8142798,forward,0.19411489367485046,24028.0
179,1775486909.216345,backward,0.4018941204994917,24028.0
179,1775486909.2191558,optimizer,0.0025783106684684753,24028.0
180,1775486909.7073445,forward,0.19412889145314693,24028.0
180,1775486910.109316,backward,0.40179239958524704,24028.0
180,1775486910.1119688,optimizer,0.0024862606078386307,24028.0
181,1775486910.575402,forward,0.1940007396042347,24028.0
181,1775486910.9771187,backward,0.40152139216661453,24028.0
181,1775486910.979847,optimizer,0.002548130229115486,24028.0
182,1775486911.464371,forward,0.19400116987526417,24028.0
182,1775486911.866527,backward,0.40198878198862076,24028.0
182,1775486911.8692386,optimizer,0.002548329532146454,24028.0
183,1775486912.3312495,forward,0.19402481988072395,24028.0
183,1775486912.7330925,backward,0.4016706757247448,24028.0
183,1775486912.7357929,optimizer,0.002533460035920143,24028.0
184,1775486913.2196786,forward,0.19411217980086803,24028.0
184,1775486913.6216722,backward,0.4018230363726616,24028.0
184,1775486913.6243892,optimizer,0.0025513600558042526,24028.0
185,1775486914.1100225,forward,0.1941394004970789,24028.0
185,1775486914.5121875,backward,0.40199716947972775,24028.0
185,1775486914.5199518,optimizer,0.007596291601657867,24028.0
186,1775486915.017822,forward,0.19396575912833214,24028.0
186,1775486915.4197657,backward,0.40175878815352917,24028.0
186,1775486915.4224699,optimizer,0.002539299428462982,24028.0
187,1775486915.8896048,forward,0.19407094083726406,24028.0
187,1775486916.2915976,backward,0.4018234983086586,24028.0
187,1775486916.2943127,optimizer,0.0025505628436803818,24028.0
188,1775486916.7766836,forward,0.19399036839604378,24028.0
188,1775486917.178601,backward,0.40174912847578526,24028.0
188,1775486917.1813176,optimizer,0.002535412088036537,24028.0
189,1775486917.6680415,forward,0.1946099903434515,24028.0
189,1775486918.0700324,backward,0.40179140865802765,24028.0
189,1775486918.072782,optimizer,0.00258629210293293,24028.0
190,1775486918.5598626,forward,0.19404331035912037,24028.0
190,1775486918.9620087,backward,0.4019752200692892,24028.0
190,1775486918.964681,optimizer,0.00248853862285614,24028.0
191,1775486919.430889,forward,0.19405820034444332,24028.0
191,1775486919.8331969,backward,0.40213459357619286,24028.0
191,1775486919.8359323,optimizer,0.0025598518550395966,24028.0
192,1775486920.3151653,forward,0.19400613754987717,24028.0
192,1775486920.7170217,backward,0.4016867149621248,24028.0
192,1775486920.719754,optimizer,0.0025651492178440094,24028.0
193,1775486921.183344,forward,0.19401868991553783,24028.0
193,1775486921.5849206,backward,0.4014128018170595,24028.0
193,1775486921.5876384,optimizer,0.0025554895401000977,24028.0
194,1775486922.0652041,forward,0.19408444315195084,24028.0
194,1775486922.4673007,backward,0.40192499943077564,24028.0
194,1775486922.4699516,optimizer,0.002482092007994652,24028.0
195,1775486922.9577951,forward,0.1940351389348507,24028.0
195,1775486923.3597975,backward,0.4018157683312893,24028.0
195,1775486923.3624482,optimizer,0.0024845395237207413,24028.0
196,1775486923.8401327,forward,0.19396034814417362,24028.0
196,1775486924.2420526,backward,0.40174897760152817,24028.0
196,1775486924.2447534,optimizer,0.002531692385673523,24028.0
197,1775486924.7284772,forward,0.19404947012662888,24028.0
197,1775486925.1305497,backward,0.4019056297838688,24028.0
197,1775486925.1332836,optimizer,0.002566831186413765,24028.0
198,1775486925.6174088,forward,0.19435351341962814,24028.0
198,1775486926.0195434,backward,0.4019617587327957,24028.0
198,1775486926.0222015,optimizer,0.0024900995194911957,24028.0
199,1775486926.510518,forward,0.19399351812899113,24028.0
199,1775486926.91247,backward,0.4017848577350378,24028.0
199,1775486926.9151416,optimizer,0.002506900578737259,24028.0
200,1775486927.402197,forward,0.19406870007514954,24028.0
200,1775486927.8038955,backward,0.4015301540493965,24028.0
200,1775486927.8066158,optimizer,0.0025534220039844513,24028.0
201,1775486928.2809787,forward,0.1939423270523548,24028.0
201,1775486928.6830626,backward,0.4019121192395687,24028.0
201,1775486928.6875515,optimizer,0.004322178661823273,24028.0
202,1775486929.184991,forward,0.19401579722762108,24028.0
202,1775486929.5869498,backward,0.40179107896983624,24028.0
202,1775486929.5896423,optimizer,0.002526199445128441,24028.0
203,1775486930.0994725,forward,0.19414051994681358,24028.0
203,1775486930.5014822,backward,0.4018420893698931,24028.0
203,1775486930.5041952,optimizer,0.00254216231405735,24028.0
204,1775486930.9774687,forward,0.19401159696280956,24028.0
204,1775486931.3793724,backward,0.40171041525900364,24028.0
204,1775486931.3820457,optimizer,0.00250399112701416,24028.0
205,1775486931.8737578,forward,0.19404643960297108,24028.0
205,1775486932.2754707,backward,0.40154000371694565,24028.0
205,1775486932.278138,optimizer,0.0024998802691698074,24028.0
206,1775486932.7755957,forward,0.1939382068812847,24028.0
206,1775486933.1775744,backward,0.40181078016757965,24028.0
206,1775486933.180327,optimizer,0.0025682393461465836,24028.0
207,1775486933.646188,forward,0.19398722797632217,24028.0
207,1775486934.0481904,backward,0.40181473828852177,24028.0
207,1775486934.0509217,optimizer,0.0025654416531324387,24028.0
208,1775486934.5389633,forward,0.19403772056102753,24028.0
208,1775486934.941054,backward,0.40192217007279396,24028.0
208,1775486934.9437816,optimizer,0.0025629010051488876,24028.0
209,1775486935.4282346,forward,0.19406967051327229,24028.0
209,1775486935.8304274,backward,0.40202384255826473,24028.0
209,1775486935.8381565,optimizer,0.00756172277033329,24028.0
210,1775486936.3147898,forward,0.19399883784353733,24028.0
210,1775486936.7167885,backward,0.40183067694306374,24028.0
210,1775486936.7195137,optimizer,0.002562040463089943,24028.0
211,1775486937.2124157,forward,0.1940523311495781,24028.0
211,1775486937.6141207,backward,0.4015398323535919,24028.0
211,1775486937.6168125,optimizer,0.0025318507105112076,24028.0
212,1775486938.115148,forward,0.1940282415598631,24028.0
212,1775486938.5172246,backward,0.4019058309495449,24028.0
212,1775486938.519892,optimizer,0.002503868192434311,24028.0
213,1775486939.0216095,forward,0.19397177919745445,24028.0
213,1775486939.4235227,backward,0.4017289448529482,24028.0
213,1775486939.4262445,optimizer,0.002558259293437004,24028.0
214,1775486939.9281266,forward,0.19400297850370407,24028.0
214,1775486940.3301353,backward,0.40183575078845024,24028.0
214,1775486940.3328416,optimizer,0.0025413893163204193,24028.0
215,1775486940.8163977,forward,0.19394642673432827,24028.0
215,1775486941.218583,backward,0.4020178597420454,24028.0
215,1775486941.2212896,optimizer,0.002526473253965378,24028.0
216,1775486941.698248,forward,0.19398974813520908,24028.0
216,1775486942.1004708,backward,0.40198702178895473,24028.0
216,1775486942.103269,optimizer,0.002618752419948578,24028.0
217,1775486942.5832908,forward,0.19404603727161884,24028.0
217,1775486942.9852695,backward,0.40180936828255653,24028.0
217,1775486942.9879274,optimizer,0.0022521447390317917,24028.0
218,1775486943.4850876,forward,0.19396578706800938,24028.0
218,1775486943.887364,backward,0.4021041914820671,24028.0
218,1775486943.8900332,optimizer,0.002499159425497055,24028.0
219,1775486944.3825476,forward,0.1940537691116333,24028.0
219,1775486944.784425,backward,0.4017070885747671,24028.0
219,1775486944.7870965,optimizer,0.002505119889974594,24028.0
220,1775486945.2593508,forward,0.1939786784350872,24028.0
220,1775486945.6611488,backward,0.401630075648427,24028.0
220,1775486945.6638186,optimizer,0.0025041792541742325,24028.0
221,1775486946.1509511,forward,0.19401141069829464,24028.0
221,1775486946.5527995,backward,0.401677954941988,24028.0
221,1775486946.5555081,optimizer,0.002547338604927063,24028.0
222,1775486947.0422132,forward,0.19396651908755302,24028.0
222,1775486947.444093,backward,0.4017041474580765,24028.0
222,1775486947.4468088,optimizer,0.002549329772591591,24028.0
223,1775486947.9085646,forward,0.19401236809790134,24028.0
223,1775486948.3103714,backward,0.4016358144581318,24028.0
223,1775486948.3143644,optimizer,0.003828480839729309,24028.0
224,1775486948.7800946,forward,0.19401174783706665,24028.0
224,1775486949.1821518,backward,0.4018849078565836,24028.0
224,1775486949.184863,optimizer,0.0025412514805793762,24028.0
225,1775486949.6675704,forward,0.1939253080636263,24028.0
225,1775486950.0695775,backward,0.4018292985856533,24028.0
225,1775486950.0772328,optimizer,0.007431140169501305,24028.0
226,1775486950.553274,forward,0.1940675489604473,24028.0
226,1775486950.95514,backward,0.4016717653721571,24028.0
226,1775486950.9578314,optimizer,0.0025257114320993423,24028.0
227,1775486951.4259446,forward,0.1940967310220003,24028.0
227,1775486951.8280702,backward,0.4019587803632021,24028.0
227,1775486951.8307683,optimizer,0.002532731741666794,24028.0
228,1775486952.2950532,forward,0.19402484968304634,24028.0
228,1775486952.697355,backward,0.4021307732909918,24028.0
228,1775486952.7000556,optimizer,0.002532731741666794,24028.0
229,1775486953.1872077,forward,0.1938940193504095,24028.0
229,1775486953.5892386,backward,0.40185850858688354,24028.0
229,1775486953.5967047,optimizer,0.007298864424228668,24028.0
230,1775486954.097718,forward,0.19411890022456646,24028.0
230,1775486954.4998896,backward,0.4020017124712467,24028.0
230,1775486954.5026035,optimizer,0.0025480221956968307,24028.0
231,1775486955.0032911,forward,0.19405557215213776,24028.0
231,1775486955.4051745,backward,0.4016973562538624,24028.0
231,1775486955.4078739,optimizer,0.0025301985442638397,24028.0
232,1775486955.9008934,forward,0.194130452349782,24028.0
232,1775486956.3028722,backward,0.401806328445673,24028.0
232,1775486956.3055215,optimizer,0.0024823173880577087,24028.0
233,1775486956.7873952,forward,0.19398579746484756,24028.0
233,1775486957.1893697,backward,0.4018064569681883,24028.0
233,1775486957.1920211,optimizer,0.0024801120162010193,24028.0
234,1775486957.6568441,forward,0.19412258081138134,24028.0
234,1775486958.0590525,backward,0.4020394627004862,24028.0
234,1775486958.06186,optimizer,0.0025763511657714844,24028.0
235,1775486958.5432763,forward,0.19403360970318317,24028.0
235,1775486958.9452918,backward,0.4018491003662348,24028.0
235,1775486958.9479554,optimizer,0.002497989684343338,24028.0
236,1775486959.4120622,forward,0.19400849752128124,24028.0
236,1775486959.8141496,backward,0.40191625989973545,24028.0
236,1775486959.8168087,optimizer,0.002484399825334549,24028.0
237,1775486960.3004935,forward,0.19396468997001648,24028.0
237,1775486960.7024868,backward,0.40182247944176197,24028.0
237,1775486960.7051463,optimizer,0.0024928897619247437,24028.0
238,1775486961.1686249,forward,0.19404190964996815,24028.0
238,1775486961.57072,backward,0.40192366018891335,24028.0
238,1775486961.5733645,optimizer,0.0024778395891189575,24028.0
239,1775486962.066033,forward,0.1940048597753048,24028.0
239,1775486962.468166,backward,0.4019641298800707,24028.0
239,1775486962.4708056,optimizer,0.002477869391441345,24028.0
240,1775486962.9415953,forward,0.19395382143557072,24028.0
240,1775486963.343731,backward,0.4019645992666483,24028.0
240,1775486963.3464336,optimizer,0.0025375597178936005,24028.0
241,1775486963.8165045,forward,0.19403275847434998,24028.0
241,1775486964.2184796,backward,0.4018061775714159,24028.0
241,1775486964.2211192,optimizer,0.0024705883115530014,24028.0
242,1775486964.7099645,forward,0.19400697760283947,24028.0
242,1775486965.1117952,backward,0.40165890753269196,24028.0
242,1775486965.1144433,optimizer,0.002465607598423958,24028.0
243,1775486965.6058416,forward,0.19393117912113667,24028.0
243,1775486966.007861,backward,0.40184911899268627,24028.0
243,1775486966.0105104,optimizer,0.002480180934071541,24028.0
244,1775486966.4938412,forward,0.19463264755904675,24028.0
244,1775486966.896188,backward,0.4021482542157173,24028.0
244,1775486966.8988824,optimizer,0.0025279000401496887,24028.0
245,1775486967.3872771,forward,0.194010678678751,24028.0
245,1775486967.7892685,backward,0.40182072669267654,24028.0
245,1775486967.7919335,optimizer,0.0024959594011306763,24028.0
246,1775486968.254787,forward,0.19415023177862167,24028.0
246,1775486968.6567655,backward,0.4018128551542759,24028.0
246,1775486968.6594348,optimizer,0.0025039594620466232,24028.0
247,1775486969.1310704,forward,0.1941404901444912,24028.0
247,1775486969.532912,backward,0.4016655869781971,24028.0
247,1775486969.535569,optimizer,0.0024912413209676743,24028.0
248,1775486970.0134926,forward,0.1940140500664711,24028.0
248,1775486970.4152646,backward,0.40159263648092747,24028.0
248,1775486970.417976,optimizer,0.0025443602353334427,24028.0
249,1775486970.9046195,forward,0.19404397159814835,24028.0
249,1775486971.3065972,backward,0.401806827634573,24028.0
249,1775486971.3093288,optimizer,0.00254807248711586,24028.0
250,1775486971.7722092,forward,0.19399766065180302,24028.0
250,1775486972.174088,backward,0.40170624665915966,24028.0
250,1775486972.1767836,optimizer,0.0025316718965768814,24028.0
251,1775486972.665768,forward,0.1940602995455265,24028.0
251,1775486973.0677326,backward,0.40179420821368694,24028.0
251,1775486973.0704694,optimizer,0.0025608129799365997,24028.0
252,1775486973.5346794,forward,0.1939876675605774,24028.0
252,1775486973.9366589,backward,0.401808587834239,24028.0
252,1775486973.939362,optimizer,0.0025352798402309418,24028.0
253,1775486974.4219596,forward,0.19412939995527267,24028.0
253,1775486974.8243608,backward,0.40220118314027786,24028.0
253,1775486974.8270924,optimizer,0.002564549446105957,24028.0
254,1775486975.286511,forward,0.19395226798951626,24028.0
254,1775486975.6884296,backward,0.401752607896924,24028.0
254,1775486975.6910765,optimizer,0.00248107872903347,24028.0
255,1775486976.1592088,forward,0.19394022971391678,24028.0
255,1775486976.5612218,backward,0.4018450677394867,24028.0
255,1775486976.563904,optimizer,0.002515900880098343,24028.0
256,1775486977.025026,forward,0.19408171065151691,24028.0
256,1775486977.4268138,backward,0.401603264734149,24028.0
256,1775486977.42954,optimizer,0.002558790147304535,24028.0
257,1775486977.9095955,forward,0.1939973086118698,24028.0
257,1775486978.3116913,backward,0.4019230995327234,24028.0
257,1775486978.3144004,optimizer,0.002542329952120781,24028.0
258,1775486978.7846918,forward,0.19396859966218472,24028.0
258,1775486979.18661,backward,0.4017511270940304,24028.0
258,1775486979.1893094,optimizer,0.0025349892675876617,24028.0
259,1775486979.6518958,forward,0.19400264881551266,24028.0
259,1775486980.0538018,backward,0.4017305877059698,24028.0
259,1775486980.056522,optimizer,0.002545539289712906,24028.0
260,1775486980.539017,forward,0.1940218973904848,24028.0
260,1775486980.9408312,backward,0.40164418518543243,24028.0
260,1775486980.9435606,optimizer,0.0025634020566940308,24028.0
261,1775486981.4238775,forward,0.19406810961663723,24028.0
261,1775486981.8257542,backward,0.40170577727258205,24028.0
261,1775486981.8284557,optimizer,0.0025314614176750183,24028.0
262,1775486982.2922056,forward,0.19406870007514954,24028.0
262,1775486982.6939929,backward,0.4016193263232708,24028.0
262,1775486982.696873,optimizer,0.002261195331811905,24028.0
263,1775486983.201197,forward,0.1939897369593382,24028.0
263,1775486983.6031392,backward,0.4017708972096443,24028.0
263,1775486983.6058555,optimizer,0.002553151920437813,24028.0
264,1775486984.0723596,forward,0.19410953857004642,24028.0
264,1775486984.474737,backward,0.4022036511451006,24028.0
264,1775486984.4773836,optimizer,0.0024780798703432083,24028.0
265,1775486984.9623077,forward,0.19400637969374657,24028.0
265,1775486985.3645725,backward,0.40209681540727615,24028.0
265,1775486985.3672452,optimizer,0.0025023501366376877,24028.0
266,1775486985.8487692,forward,0.19399619847536087,24028.0
266,1775486986.250656,backward,0.4017172083258629,24028.0
266,1775486986.2533572,optimizer,0.002533748745918274,24028.0
267,1775486986.7360198,forward,0.19402418099343777,24028.0
267,1775486987.1379282,backward,0.40173740684986115,24028.0
267,1775486987.1405766,optimizer,0.002477312460541725,24028.0
268,1775486987.6218836,forward,0.19401567056775093,24028.0
268,1775486988.0239115,backward,0.4018569886684418,24028.0
268,1775486988.026559,optimizer,0.002480432391166687,24028.0
269,1775486988.523953,forward,0.19400852732360363,24028.0
269,1775486988.926197,backward,0.40207155235111713,24028.0
269,1775486988.9288418,optimizer,0.002471907064318657,24028.0
270,1775486989.3977118,forward,0.1940329298377037,24028.0
270,1775486989.799739,backward,0.4018597472459078,24028.0
270,1775486989.8024747,optimizer,0.0025652796030044556,24028.0
271,1775486990.285493,forward,0.19395721890032291,24028.0
271,1775486990.6908917,backward,0.40173941664397717,24028.0
271,1775486990.6935391,optimizer,0.0024842899292707443,24028.0
272,1775486991.1652617,forward,0.19428104348480701,24028.0
272,1775486991.5671966,backward,0.40174026787281036,24028.0
272,1775486991.5698574,optimizer,0.0024942196905612946,24028.0
273,1775486992.056862,forward,0.19395175948739052,24028.0
273,1775486992.4590309,backward,0.4019975811243057,24028.0
273,1775486992.4616745,optimizer,0.0024792198091745377,24028.0
274,1775486992.9437304,forward,0.1939093079417944,24028.0
274,1775486993.3455343,backward,0.40163674391806126,24028.0
274,1775486993.348186,optimizer,0.002483479678630829,24028.0
275,1775486993.8355863,forward,0.19394677504897118,24028.0
275,1775486994.2373478,backward,0.40158998407423496,24028.0
275,1775486994.239993,optimizer,0.0024820808321237564,24028.0
276,1775486994.7064612,forward,0.19401822052896023,24028.0
276,1775486995.1083953,backward,0.40176333859562874,24028.0
276,1775486995.1110518,optimizer,0.002489827573299408,24028.0
277,1775486995.5757809,forward,0.19396276026964188,24028.0
277,1775486995.977813,backward,0.40186622738838196,24028.0
277,1775486995.9804633,optimizer,0.0024795792996883392,24028.0
278,1775486996.469228,forward,0.19405053928494453,24028.0
278,1775486996.8713214,backward,0.4019197206944227,24028.0
278,1775486996.8739793,optimizer,0.0024929773062467575,24028.0
279,1775486997.357496,forward,0.19410109892487526,24028.0
279,1775486997.759536,backward,0.4018647987395525,24028.0
279,1775486997.7622607,optimizer,0.0025611016899347305,24028.0
280,1775486998.226465,forward,0.19410390965640545,24028.0
280,1775486998.6284077,backward,0.4017746280878782,24028.0
280,1775486998.6311011,optimizer,0.0025250110775232315,24028.0
281,1775486999.1127634,forward,0.1939640361815691,24028.0
281,1775486999.5148518,backward,0.401876799762249,24028.0
281,1775486999.5175955,optimizer,0.002579880878329277,24028.0
282,1775487000.0053005,forward,0.19393519684672356,24028.0
282,1775487000.4071696,backward,0.4016967173665762,24028.0
282,1775487000.409887,optimizer,0.002551129087805748,24028.0
283,1775487000.8912585,forward,0.19401370733976364,24028.0
283,1775487001.2932274,backward,0.40179874934256077,24028.0
283,1775487001.295937,optimizer,0.002542959526181221,24028.0
284,1775487001.7733712,forward,0.19401592761278152,24028.0
284,1775487002.17529,backward,0.40174341946840286,24028.0
284,1775487002.1779916,optimizer,0.0025343000888824463,24028.0
285,1775487002.6632972,forward,0.1939058993011713,24028.0
285,1775487003.0649974,backward,0.40152863413095474,24028.0
285,1775487003.0676649,optimizer,0.0025005117058753967,24028.0
286,1775487003.554492,forward,0.1940788719803095,24028.0
286,1775487003.9562771,backward,0.4016159772872925,24028.0
286,1775487003.9589913,optimizer,0.0025483909994363785,24028.0
287,1775487004.4590921,forward,0.19396013766527176,24028.0
287,1775487004.8610759,backward,0.40181070007383823,24028.0
287,1775487004.8638077,optimizer,0.0025676991790533066,24028.0
288,1775487005.3333402,forward,0.19401735067367554,24028.0
288,1775487005.7352796,backward,0.401773065328598,24028.0
288,1775487005.7379858,optimizer,0.002541523426771164,24028.0
289,1775487006.2022898,forward,0.19407980144023895,24028.0
289,1775487006.6042974,backward,0.4018368795514107,24028.0
289,1775487006.606975,optimizer,0.0025059785693883896,24028.0
290,1775487007.0698962,forward,0.1940969992429018,24028.0
290,1775487007.4720857,backward,0.40195185132324696,24028.0
290,1775487007.4748197,optimizer,0.0025497712194919586,24028.0
291,1775487007.9621365,forward,0.1941270213574171,24028.0
291,1775487008.364165,backward,0.4018559195101261,24028.0
291,1775487008.366876,optimizer,0.0025453008711338043,24028.0
292,1775487008.8501296,forward,0.1938688363879919,24028.0
292,1775487009.2522209,backward,0.4019241202622652,24028.0
292,1775487009.254871,optimizer,0.002481110394001007,24028.0
293,1775487009.7446547,forward,0.1940679270774126,24028.0
293,1775487010.146775,backward,0.4019507896155119,24028.0
293,1775487010.1494434,optimizer,0.0025035403668880463,24028.0
294,1775487010.6363063,forward,0.19405985064804554,24028.0
294,1775487011.0382714,backward,0.40179750695824623,24028.0
294,1775487011.040921,optimizer,0.002486012876033783,24028.0
295,1775487011.5027132,forward,0.1940301675349474,24028.0
295,1775487011.9045699,backward,0.4016853254288435,24028.0
295,1775487011.907237,optimizer,0.0024978872388601303,24028.0
296,1775487012.3858478,forward,0.19404545798897743,24028.0
296,1775487012.787814,backward,0.40179391764104366,24028.0
296,1775487012.7904723,optimizer,0.0024915095418691635,24028.0
297,1775487013.2835083,forward,0.19398298114538193,24028.0
297,1775487013.6854968,backward,0.401819197461009,24028.0
297,1775487013.6881654,optimizer,0.002493860200047493,24028.0
298,1775487014.1626058,forward,0.19401614926755428,24028.0
298,1775487014.564501,backward,0.401726009324193,24028.0
298,1775487014.5671675,optimizer,0.002499667927622795,24028.0
299,1775487015.0438297,forward,0.19400670006871223,24028.0
299,1775487015.4459224,backward,0.4019266199320555,24028.0
299,1775487015.4493132,optimizer,0.003132268786430359,24028.0
300,1775487015.9381733,forward,0.19411330297589302,24028.0
300,1775487016.3403707,backward,0.4020283594727516,24028.0
300,1775487016.3430383,optimizer,0.0025023799389600754,24028.0
301,1775487016.833367,forward,0.19405193254351616,24028.0
301,1775487017.2353675,backward,0.40182544849812984,24028.0
301,1775487017.2380693,optimizer,0.002536540850996971,24028.0
302,1775487017.7195413,forward,0.19405391067266464,24028.0
302,1775487018.1215339,backward,0.40181195735931396,24028.0
302,1775487018.1242435,optimizer,0.002541409805417061,24028.0
303,1775487018.6051466,forward,0.19384796917438507,24028.0
303,1775487019.0069041,backward,0.4015849344432354,24028.0
303,1775487019.0095682,optimizer,0.002498239278793335,24028.0
304,1775487019.4888313,forward,0.19404378905892372,24028.0
304,1775487019.8907864,backward,0.40178441628813744,24028.0
304,1775487019.898317,optimizer,0.00736185722053051,24028.0
305,1775487020.3752072,forward,0.19405493140220642,24028.0
305,1775487020.7772775,backward,0.4019024595618248,24028.0
305,1775487020.779922,optimizer,0.002480996772646904,24028.0
306,1775487021.2741833,forward,0.1939756292849779,24028.0
306,1775487021.676181,backward,0.40182873606681824,24028.0
306,1775487021.678894,optimizer,0.0025448109954595566,24028.0
307,1775487022.158174,forward,0.1939086951315403,24028.0
307,1775487022.5600398,backward,0.4016945883631706,24028.0
307,1775487022.5626814,optimizer,0.0024737082421779633,24028.0
308,1775487023.02871,forward,0.19405819848179817,24028.0
308,1775487023.4307148,backward,0.40183532796800137,24028.0
308,1775487023.4333634,optimizer,0.0024820398539304733,24028.0
309,1775487023.915061,forward,0.19419008120894432,24028.0
309,1775487024.3168957,backward,0.4016664754599333,24028.0
309,1775487024.3196108,optimizer,0.0025454293936491013,24028.0
310,1775487024.7808702,forward,0.19400706700980663,24028.0
310,1775487025.1829703,backward,0.4019302614033222,24028.0
310,1775487025.1856794,optimizer,0.0025440100580453873,24028.0
311,1775487025.6689892,forward,0.19400189816951752,24028.0
311,1775487026.0708408,backward,0.4016831945627928,24028.0
311,1775487026.0735388,optimizer,0.002532418817281723,24028.0
312,1775487026.5390017,forward,0.19404512830078602,24028.0
312,1775487026.940833,backward,0.40166063606739044,24028.0
312,1775487026.943555,optimizer,0.0025530699640512466,24028.0
313,1775487027.403353,forward,0.1940454188734293,24028.0
313,1775487027.8051689,backward,0.40164589509367943,24028.0
313,1775487027.807884,optimizer,0.002549191936850548,24028.0
314,1775487028.2940662,forward,0.1940308902412653,24028.0
314,1775487028.6958148,backward,0.4015727564692497,24028.0
314,1775487028.700192,optimizer,0.0042111873626708984,24028.0
315,1775487029.1815906,forward,0.1939286682754755,24028.0
315,1775487029.5833752,backward,0.4016152173280716,24028.0
315,1775487029.5860825,optimizer,0.0025442689657211304,24028.0
316,1775487030.0519998,forward,0.19396081753075123,24028.0
316,1775487030.4538522,backward,0.401659045368433,24028.0
316,1775487030.4565554,optimizer,0.0025361329317092896,24028.0
317,1775487030.918814,forward,0.1941201612353325,24028.0
317,1775487031.3208108,backward,0.4018267672508955,24028.0
317,1775487031.3234751,optimizer,0.002495020627975464,24028.0
318,1775487031.79662,forward,0.19418003223836422,24028.0
318,1775487032.1984115,backward,0.40162242762744427,24028.0
318,1775487032.2010918,optimizer,0.0025114528834819794,24028.0
319,1775487032.6897662,forward,0.19402409717440605,24028.0
319,1775487033.0915926,backward,0.40166012570261955,24028.0
319,1775487033.0942435,optimizer,0.0024872571229934692,24028.0
320,1775487033.554983,forward,0.1939525082707405,24028.0
320,1775487033.9570513,backward,0.40190377831459045,24028.0
320,1775487033.959748,optimizer,0.0025321077555418015,24028.0
321,1775487034.4464889,forward,0.19400387071073055,24028.0
321,1775487034.848647,backward,0.4019908905029297,24028.0
321,1775487034.8532891,optimizer,0.0044733211398124695,24028.0
322,1775487035.322516,forward,0.1940068081021309,24028.0
322,1775487035.7247171,backward,0.40202837251126766,24028.0
322,1775487035.7274296,optimizer,0.002543428912758827,24028.0
323,1775487036.192922,forward,0.19398940913379192,24028.0
323,1775487036.5945854,backward,0.4014939237385988,24028.0
323,1775487036.5972831,optimizer,0.0025301221758127213,24028.0
324,1775487037.0772984,forward,0.19391787983477116,24028.0
324,1775487037.4792275,backward,0.40176235511898994,24028.0
324,1775487037.4819486,optimizer,0.0025543607771396637,24028.0
325,1775487037.9467485,forward,0.19391960091888905,24028.0
325,1775487038.3487234,backward,0.4018070977181196,24028.0
325,1775487038.3514562,optimizer,0.0025620106607675552,24028.0
326,1775487038.8104086,forward,0.1939607486128807,24028.0
326,1775487039.2122355,backward,0.40165860392153263,24028.0
326,1775487039.2149522,optimizer,0.00254812091588974,24028.0
327,1775487039.6739292,forward,0.19400463998317719,24028.0
327,1775487040.0761938,backward,0.40208902209997177,24028.0
327,1775487040.0790594,optimizer,0.002640312537550926,24028.0
328,1775487040.5644379,forward,0.19409393332898617,24028.0
328,1775487040.9662452,backward,0.40164066664874554,24028.0
328,1775487040.9689586,optimizer,0.0025498811155557632,24028.0
329,1775487041.4315376,forward,0.19401231966912746,24028.0
329,1775487041.833726,backward,0.402018329128623,24028.0
329,1775487041.838246,optimizer,0.004353400319814682,24028.0
330,1775487042.306845,forward,0.19400697946548462,24028.0
330,1775487042.7086387,backward,0.4016228951513767,24028.0
330,1775487042.7113144,optimizer,0.0025065522640943527,24028.0
331,1775487043.1983168,forward,0.19392236694693565,24028.0
331,1775487043.6002905,backward,0.40180116705596447,24028.0
331,1775487043.6030092,optimizer,0.002549799159169197,24028.0
332,1775487044.082932,forward,0.1940282378345728,24028.0
332,1775487044.4847617,backward,0.40166025422513485,24028.0
332,1775487044.4874818,optimizer,0.0025528594851493835,24028.0
333,1775487044.9632406,forward,0.1940589901059866,24028.0
333,1775487045.3653276,backward,0.4019174911081791,24028.0
333,1775487045.3729036,optimizer,0.007412148639559746,24028.0
334,1775487045.8493288,forward,0.19394220784306526,24028.0
334,1775487046.2513309,backward,0.40183383971452713,24028.0
334,1775487046.2540429,optimizer,0.0025424621999263763,24028.0
335,1775487046.7249184,forward,0.19396904110908508,24028.0
335,1775487047.126997,backward,0.4019083995372057,24028.0
335,1775487047.129719,optimizer,0.002558281645178795,24028.0
336,1775487047.6056228,forward,0.19391990639269352,24028.0
336,1775487048.007593,backward,0.4018016681075096,24028.0
336,1775487048.0104578,optimizer,0.0026481226086616516,24028.0
337,1775487048.4860203,forward,0.19401688687503338,24028.0
337,1775487048.8878293,backward,0.40164418518543243,24028.0
337,1775487048.8905308,optimizer,0.002536369487643242,24028.0
338,1775487049.3592706,forward,0.19391574896872044,24028.0
338,1775487049.7611432,backward,0.40170163847506046,24028.0
338,1775487049.7662723,optimizer,0.004952987655997276,24028.0
339,1775487050.2436986,forward,0.19401243887841702,24028.0
339,1775487050.6456003,backward,0.40173168666660786,24028.0
339,1775487050.6483269,optimizer,0.0025621019303798676,24028.0
340,1775487051.1186626,forward,0.1940313782542944,24028.0
340,1775487051.5206912,backward,0.4018604513257742,24028.0
340,1775487051.523339,optimizer,0.0024823304265737534,24028.0
341,1775487052.011129,forward,0.1939095575362444,24028.0
341,1775487052.413174,backward,0.40187385864555836,24028.0
341,1775487052.415894,optimizer,0.0025550611317157745,24028.0
342,1775487052.8800712,forward,0.19389203749597073,24028.0
342,1775487053.2819302,backward,0.40169045701622963,24028.0
342,1775487053.2846518,optimizer,0.0025550201535224915,24028.0
343,1775487053.7729878,forward,0.1940846312791109,24028.0
343,1775487054.1748765,backward,0.4017177876085043,24028.0
343,1775487054.1775863,optimizer,0.002545490860939026,24028.0
344,1775487054.6582243,forward,0.194018067792058,24028.0
344,1775487055.0601358,backward,0.4017384387552738,24028.0
344,1775487055.0628374,optimizer,0.0025353990495204926,24028.0
345,1775487055.559198,forward,0.19408939220011234,24028.0
345,1775487055.961031,backward,0.40166316740214825,24028.0
345,1775487055.963755,optimizer,0.0025592613965272903,24028.0
346,1775487056.436834,forward,0.19406683929264545,24028.0
346,1775487056.8387094,backward,0.4016918446868658,24028.0
346,1775487056.8414662,optimizer,0.002576800063252449,24028.0
347,1775487057.3208482,forward,0.1939422357827425,24028.0
347,1775487057.7227633,backward,0.40174117870628834,24028.0
347,1775487057.7254565,optimizer,0.002528611570596695,24028.0
348,1775487058.216466,forward,0.19388685747981071,24028.0
348,1775487058.6183105,backward,0.40167564526200294,24028.0
348,1775487058.621006,optimizer,0.002533223479986191,24028.0
349,1775487059.1051621,forward,0.19393222779035568,24028.0
349,1775487059.5070364,backward,0.40170677937567234,24028.0
349,1775487059.5097482,optimizer,0.0025450624525547028,24028.0
350,1775487059.9922,forward,0.19405372813344002,24028.0
350,1775487060.3943348,backward,0.401963559910655,24028.0
350,1775487060.4008245,optimizer,0.006324551999568939,24028.0
351,1775487060.8897686,forward,0.1939894873648882,24028.0
351,1775487061.291695,backward,0.40175582841038704,24028.0
351,1775487061.294409,optimizer,0.0025439299643039703,24028.0
352,1775487061.7896476,forward,0.19393091835081577,24028.0
352,1775487062.1915514,backward,0.40173526853322983,24028.0
352,1775487062.1942487,optimizer,0.002260575070977211,24028.0
353,1775487062.6695418,forward,0.19407648965716362,24028.0
353,1775487063.071498,backward,0.4017852582037449,24028.0
353,1775487063.0741925,optimizer,0.002529812976717949,24028.0
354,1775487063.552552,forward,0.19402861781418324,24028.0
354,1775487063.9545107,backward,0.40179009921848774,24028.0
354,1775487063.957212,optimizer,0.0025332607328891754,24028.0
355,1775487064.4253807,forward,0.1939510814845562,24028.0
355,1775487064.827531,backward,0.40188089944422245,24028.0
355,1775487064.8303459,optimizer,0.0026475023478269577,24028.0
356,1775487065.304013,forward,0.19410620257258415,24028.0
356,1775487065.706054,backward,0.4018730577081442,24028.0
356,1775487065.7087512,optimizer,0.0025319289416074753,24028.0
357,1775487066.1728592,forward,0.1939496472477913,24028.0
357,1775487066.5746503,backward,0.40161899477243423,24028.0
357,1775487066.5773652,optimizer,0.0025497786700725555,24028.0
358,1775487067.0617464,forward,0.19405240006744862,24028.0
358,1775487067.4638207,backward,0.40190728940069675,24028.0
358,1775487067.4664888,optimizer,0.0024957600980997086,24028.0
359,1775487067.9408162,forward,0.19393414817750454,24028.0
359,1775487068.3428493,backward,0.40186076052486897,24028.0
359,1775487068.3455641,optimizer,0.0025485921651124954,24028.0
360,1775487068.8253484,forward,0.1939332988113165,24028.0
360,1775487069.2270896,backward,0.40157335065305233,24028.0
360,1775487069.2297978,optimizer,0.002541840076446533,24028.0
361,1775487069.723946,forward,0.19406377896666527,24028.0
361,1775487070.126054,backward,0.4019112400710583,24028.0
361,1775487070.1287203,optimizer,0.002500029280781746,24028.0
362,1775487070.622464,forward,0.1939493678510189,24028.0
362,1775487071.0243812,backward,0.40175074711441994,24028.0
362,1775487071.0270426,optimizer,0.002505280077457428,24028.0
363,1775487071.520431,forward,0.19396531768143177,24028.0
363,1775487071.9222903,backward,0.40169262886047363,24028.0
363,1775487071.9249957,optimizer,0.0025417394936084747,24028.0
364,1775487072.4029934,forward,0.1939462162554264,24028.0
364,1775487072.8049886,backward,0.40182303823530674,24028.0
364,1775487072.8081775,optimizer,0.0029914863407611847,24028.0
365,1775487073.3013866,forward,0.1940444502979517,24028.0
365,1775487073.703174,backward,0.40161251462996006,24028.0
365,1775487073.7058818,optimizer,0.0025390498340129852,24028.0
366,1775487074.186063,forward,0.19403577782213688,24028.0
366,1775487074.588026,backward,0.40179358795285225,24028.0
366,1775487074.5907493,optimizer,0.002556242048740387,24028.0
367,1775487075.0609658,forward,0.1940066684037447,24028.0
367,1775487075.4628296,backward,0.40169586427509785,24028.0
367,1775487075.465538,optimizer,0.002539539709687233,24028.0
368,1775487075.947152,forward,0.19401363842189312,24028.0
368,1775487076.3491137,backward,0.4017931278795004,24028.0
368,1775487076.3518448,optimizer,0.0025652311742305756,24028.0
369,1775487076.8448374,forward,0.1939858663827181,24028.0
369,1775487077.2466319,backward,0.40162767469882965,24028.0
369,1775487077.249355,optimizer,0.0025555919855833054,24028.0
370,1775487077.715582,forward,0.19402720779180527,24028.0
370,1775487078.117613,backward,0.4018621891736984,24028.0
370,1775487078.1245873,optimizer,0.006804758682847023,24028.0
371,1775487078.5979426,forward,0.19397909939289093,24028.0
371,1775487078.9998558,backward,0.40174152702093124,24028.0
371,1775487079.0025084,optimizer,0.002484852448105812,24028.0
372,1775487079.4649131,forward,0.193981459364295,24028.0
372,1775487079.8671784,backward,0.40209439396858215,24028.0
372,1775487079.8698375,optimizer,0.002485649660229683,24028.0
373,1775487080.3645592,forward,0.19405004009604454,24028.0
373,1775487080.7663355,backward,0.40160747431218624,24028.0
373,1775487080.7692692,optimizer,0.0027555041015148163,24028.0
374,1775487081.2621799,forward,0.19402895867824554,24028.0
374,1775487081.6639898,backward,0.4016414936631918,24028.0
374,1775487081.6666944,optimizer,0.002538789063692093,24028.0
375,1775487082.1512387,forward,0.1940088402479887,24028.0
375,1775487082.5530858,backward,0.4016781933605671,24028.0
375,1775487082.5558014,optimizer,0.002551378682255745,24028.0
376,1775487083.0377693,forward,0.19395490735769272,24028.0
376,1775487083.439773,backward,0.401836970821023,24028.0
376,1775487083.442433,optimizer,0.0024931877851486206,24028.0
377,1775487083.927026,forward,0.19400502741336823,24028.0
377,1775487084.329177,backward,0.40198253095149994,24028.0
377,1775487084.3318968,optimizer,0.0025510527193546295,24028.0
378,1775487084.7953923,forward,0.19406398944556713,24028.0
378,1775487085.1973963,backward,0.4018318969756365,24028.0
378,1775487085.2001166,optimizer,0.002547821030020714,24028.0
379,1775487085.6834302,forward,0.19402710907161236,24028.0
379,1775487086.085563,backward,0.40196163952350616,24028.0
379,1775487086.0903234,optimizer,0.004592142999172211,24028.0
380,1775487086.5769856,forward,0.1939810886979103,24028.0
380,1775487086.9786167,backward,0.4014623649418354,24028.0
380,1775487086.9812531,optimizer,0.0024704989045858383,24028.0
381,1775487087.4650366,forward,0.19406310841441154,24028.0
381,1775487087.86708,backward,0.40187450870871544,24028.0
381,1775487087.8697844,optimizer,0.0025405026972293854,24028.0
382,1775487088.330323,forward,0.19408689998090267,24028.0
382,1775487088.7322683,backward,0.4017748460173607,24028.0
382,1775487088.7349744,optimizer,0.002536989748477936,24028.0
383,1775487089.220986,forward,0.19419913180172443,24028.0
383,1775487089.6226482,backward,0.40147401951253414,24028.0
383,1775487089.6253798,optimizer,0.002561120316386223,24028.0
384,1775487090.0938761,forward,0.19398710876703262,24028.0
384,1775487090.495913,backward,0.401864979416132,24028.0
384,1775487090.498622,optimizer,0.0025405604392290115,24028.0
385,1775487090.9829445,forward,0.1938994973897934,24028.0
385,1775487091.3848107,backward,0.4016993064433336,24028.0
385,1775487091.3875399,optimizer,0.0025618206709623337,24028.0
386,1775487091.8533168,forward,0.19400189816951752,24028.0
386,1775487092.2553027,backward,0.4018183872103691,24028.0
386,1775487092.257958,optimizer,0.0024912599474191666,24028.0
387,1775487092.7575388,forward,0.1939819697290659,24028.0
387,1775487093.1592386,backward,0.40153337083756924,24028.0
387,1775487093.1619315,optimizer,0.0025278888642787933,24028.0
388,1775487093.6348524,forward,0.19404838047921658,24028.0
388,1775487094.0364065,backward,0.40138567984104156,24028.0
388,1775487094.03915,optimizer,0.0025761425495147705,24028.0
389,1775487094.515807,forward,0.193954611197114,24028.0
389,1775487094.9176018,backward,0.40162699297070503,24028.0
389,1775487094.9203093,optimizer,0.0025408007204532623,24028.0
390,1775487095.4014997,forward,0.19405107013881207,24028.0
390,1775487095.803389,backward,0.4017113372683525,24028.0
390,1775487095.8060553,optimizer,0.0024990104138851166,24028.0
391,1775487096.2696478,forward,0.19398129917681217,24028.0
391,1775487096.6714687,backward,0.40165000408887863,24028.0
391,1775487096.674175,optimizer,0.0025385115295648575,24028.0
392,1775487097.1535325,forward,0.19394599832594395,24028.0
392,1775487097.555633,backward,0.4018686078488827,24028.0
392,1775487097.5584671,optimizer,0.0026589035987854004,24028.0
393,1775487098.0236974,forward,0.19395305588841438,24028.0
393,1775487098.425424,backward,0.4015547037124634,24028.0
393,1775487098.4281497,optimizer,0.002553138881921768,24028.0
394,1775487098.9070187,forward,0.19397380948066711,24028.0
394,1775487099.3087573,backward,0.4015677645802498,24028.0
394,1775487099.3114672,optimizer,0.002541152760386467,24028.0
395,1775487099.777303,forward,0.19394527561962605,24028.0
395,1775487100.17892,backward,0.40145254135131836,24028.0
395,1775487100.1816006,optimizer,0.0025158077478408813,24028.0
396,1775487100.6668997,forward,0.193950017914176,24028.0
396,1775487101.068785,backward,0.4017148483544588,24028.0
396,1775487101.0715158,optimizer,0.002567300572991371,24028.0
397,1775487101.5346754,forward,0.1939970664680004,24028.0
397,1775487101.936341,backward,0.40149496123194695,24028.0
397,1775487101.9390671,optimizer,0.0022894572466611862,24028.0
398,1775487102.4237146,forward,0.19399098865687847,24028.0
398,1775487102.826023,backward,0.4021394643932581,24028.0
398,1775487102.8287385,optimizer,0.002549750730395317,24028.0
399,1775487103.2919414,forward,0.19400795549154282,24028.0
399,1775487103.6936276,backward,0.401516854763031,24028.0
399,1775487103.7013872,optimizer,0.007593363523483276,24028.0
400,1775487104.2000356,forward,0.19402333162724972,24028.0
400,1775487104.6021364,backward,0.4019280094653368,24028.0
400,1775487104.6047926,optimizer,0.0024897996336221695,24028.0
401,1775487105.0996423,forward,0.19394131749868393,24028.0
401,1775487105.5017567,backward,0.4019454587250948,24028.0
401,1775487105.504618,optimizer,0.0026287324726581573,24028.0
402,1775487105.9780533,forward,0.19400844909250736,24028.0
402,1775487106.3800683,backward,0.40184781700372696,24028.0
402,1775487106.3827274,optimizer,0.002490900456905365,24028.0
403,1775487106.8646255,forward,0.19394839741289616,24028.0
403,1775487107.266576,backward,0.4017808083444834,24028.0
403,1775487107.2692835,optimizer,0.0025442317128181458,24028.0
404,1775487107.7338479,forward,0.19407529011368752,24028.0
404,1775487108.135679,backward,0.40165819600224495,24028.0
404,1775487108.1383832,optimizer,0.0025372523814439774,24028.0
405,1775487108.6030312,forward,0.19395728036761284,24028.0
405,1775487109.0048065,backward,0.4016071241348982,24028.0
405,1775487109.0115192,optimizer,0.006543492898344994,24028.0
406,1775487109.4862888,forward,0.19400328770279884,24028.0
406,1775487109.8881671,backward,0.40168714709579945,24028.0
406,1775487109.890822,optimizer,0.0024909526109695435,24028.0
407,1775487110.3643942,forward,0.19402812980115414,24028.0
407,1775487110.7661843,backward,0.4016168247908354,24028.0
407,1775487110.768843,optimizer,0.0024925097823143005,24028.0
408,1775487111.2519693,forward,0.1939628403633833,24028.0
408,1775487111.6539323,backward,0.4017932079732418,24028.0
408,1775487111.656606,optimizer,0.0025048907846212387,24028.0
409,1775487112.1473348,forward,0.19403605721890926,24028.0
409,1775487112.5490558,backward,0.40154952369630337,24028.0
409,1775487112.551708,optimizer,0.0024875402450561523,24028.0
410,1775487113.0218852,forward,0.19398670829832554,24028.0
410,1775487113.4238818,backward,0.4018263779580593,24028.0
410,1775487113.4272919,optimizer,0.003155859187245369,24028.0
411,1775487113.9199128,forward,0.19404917769134045,24028.0
411,1775487114.32198,backward,0.4018990397453308,24028.0
411,1775487114.3246841,optimizer,0.0025376416742801666,24028.0
412,1775487114.8304634,forward,0.19673141464591026,24028.0
412,1775487115.2323527,backward,0.4017203953117132,24028.0
412,1775487115.235083,optimizer,0.002562800422310829,24028.0
413,1775487115.7324195,forward,0.19400558806955814,24028.0
413,1775487116.1342936,backward,0.40170333720743656,24028.0
413,1775487116.1370075,optimizer,0.0025473199784755707,24028.0
414,1775487116.6304908,forward,0.19396903552114964,24028.0
414,1775487117.032333,backward,0.40167393535375595,24028.0
414,1775487117.0349967,optimizer,0.00249657966196537,24028.0
415,1775487117.5156045,forward,0.1939802374690771,24028.0
415,1775487117.9176033,backward,0.401825238019228,24028.0
415,1775487117.9202507,optimizer,0.0024815499782562256,24028.0
416,1775487118.3975732,forward,0.19396790117025375,24028.0
416,1775487118.7994707,backward,0.4017292186617851,24028.0
416,1775487118.8021305,optimizer,0.002494020387530327,24028.0
417,1775487119.301181,forward,0.19396733678877354,24028.0
417,1775487119.7032115,backward,0.401858726516366,24028.0
417,1775487119.705915,optimizer,0.0025326889008283615,24028.0
418,1775487120.1810925,forward,0.1939312480390072,24028.0
418,1775487120.5828524,backward,0.4015871249139309,24028.0
418,1775487120.5855458,optimizer,0.0025283917784690857,24028.0
419,1775487121.073848,forward,0.19400842860341072,24028.0
419,1775487121.4757645,backward,0.4017429891973734,24028.0
419,1775487121.4784703,optimizer,0.0025385599583387375,24028.0
420,1775487121.971636,forward,0.1943095326423645,24028.0
420,1775487122.373644,backward,0.40183903835713863,24028.0
420,1775487122.3763492,optimizer,0.0025361794978380203,24028.0
421,1775487122.8676095,forward,0.1940492894500494,24028.0
421,1775487123.2693005,backward,0.4015187434852123,24028.0
421,1775487123.2720335,optimizer,0.0025640632957220078,24028.0
422,1775487123.756212,forward,0.1939417477697134,24028.0
422,1775487124.1583414,backward,0.4019583333283663,24028.0
422,1775487124.161049,optimizer,0.0025383029133081436,24028.0
423,1775487124.6462984,forward,0.1939959917217493,24028.0
423,1775487125.0479856,backward,0.4015179108828306,24028.0
423,1775487125.0506885,optimizer,0.0025372207164764404,24028.0
424,1775487125.5368323,forward,0.19396298937499523,24028.0
424,1775487125.9384503,backward,0.4014490023255348,24028.0
424,1775487125.9411588,optimizer,0.0025433003902435303,24028.0
425,1775487126.4238892,forward,0.19383695721626282,24028.0
425,1775487126.8258011,backward,0.40174090676009655,24028.0
425,1775487126.8285003,optimizer,0.0025318078696727753,24028.0
426,1775487127.3112729,forward,0.1939046662300825,24028.0
426,1775487127.7133868,backward,0.4019462913274765,24028.0
426,1775487127.7161093,optimizer,0.002555951476097107,24028.0
427,1775487128.1794236,forward,0.19407260045409203,24028.0
427,1775487128.5811038,backward,0.40150630474090576,24028.0
427,1775487128.5837994,optimizer,0.0025291796773672104,24028.0
428,1775487129.050483,forward,0.19399709813296795,24028.0
428,1775487129.452537,backward,0.4018836412578821,24028.0
428,1775487129.4552624,optimizer,0.0025574807077646255,24028.0
429,1775487129.9474783,forward,0.1941958535462618,24028.0
429,1775487130.3491845,backward,0.4015372321009636,24028.0
429,1775487130.3519142,optimizer,0.0025622304528951645,24028.0
430,1775487130.867401,forward,0.1939073782414198,24028.0
430,1775487131.269273,backward,0.40170074440538883,24028.0
430,1775487131.2719939,optimizer,0.0025518331676721573,24028.0
431,1775487131.7734778,forward,0.19401232711970806,24028.0
431,1775487132.1755636,backward,0.4019098673015833,24028.0
431,1775487132.178279,optimizer,0.0025474317371845245,24028.0
432,1775487132.6534293,forward,0.19398499839007854,24028.0
432,1775487133.055736,backward,0.4021317008882761,24028.0
432,1775487133.0584233,optimizer,0.002521991729736328,24028.0
433,1775487133.550195,forward,0.19392884522676468,24028.0
433,1775487133.9519758,backward,0.40160790272057056,24028.0
433,1775487133.9546888,optimizer,0.002546420320868492,24028.0
434,1775487134.4401803,forward,0.1940074898302555,24028.0
434,1775487134.842237,backward,0.40188707038760185,24028.0
434,1775487134.844948,optimizer,0.002545412629842758,24028.0
435,1775487135.3290994,forward,0.19394074752926826,24028.0
435,1775487135.730841,backward,0.40157353319227695,24028.0
435,1775487135.73655,optimizer,0.005544958636164665,24028.0
436,1775487136.237731,forward,0.19399086013436317,24028.0
436,1775487136.6396697,backward,0.4017695374786854,24028.0
436,1775487136.6423721,optimizer,0.002535659819841385,24028.0
437,1775487137.1405525,forward,0.19398350827395916,24028.0
437,1775487137.54249,backward,0.4017687477171421,24028.0
437,1775487137.5451298,optimizer,0.002474512904882431,24028.0
438,1775487138.0321631,forward,0.19422798231244087,24028.0
438,1775487138.4340413,backward,0.40168400667607784,24028.0
438,1775487138.436766,optimizer,0.0025564394891262054,24028.0
439,1775487138.917046,forward,0.19390933774411678,24028.0
439,1775487139.318888,backward,0.401671988889575,24028.0
439,1775487139.321597,optimizer,0.0025444701313972473,24028.0
440,1775487139.8220053,forward,0.19391845725476742,24028.0
440,1775487140.224023,backward,0.4018477685749531,24028.0
440,1775487140.226659,optimizer,0.0024712197482585907,24028.0
441,1775487140.721301,forward,0.1939568780362606,24028.0
441,1775487141.1231506,backward,0.40168103389441967,24028.0
441,1775487141.125848,optimizer,0.002532040700316429,24028.0
442,1775487141.6227977,forward,0.19408229924738407,24028.0
442,1775487142.0245757,backward,0.4016075450927019,24028.0
442,1775487142.0272574,optimizer,0.0022565163671970367,24028.0
443,1775487142.4963055,forward,0.19400103576481342,24028.0
443,1775487142.898394,backward,0.4019174389541149,24028.0
443,1775487142.9010928,optimizer,0.002532869577407837,24028.0
444,1775487143.3663957,forward,0.19403599947690964,24028.0
444,1775487143.7683837,backward,0.40181554667651653,24028.0
444,1775487143.7711015,optimizer,0.002552369609475136,24028.0
445,1775487144.252678,forward,0.19394471868872643,24028.0
445,1775487144.6545575,backward,0.40171118453145027,24028.0
445,1775487144.6572063,optimizer,0.0024781394749879837,24028.0
446,1775487145.1402833,forward,0.19392376951873302,24028.0
446,1775487145.5420504,backward,0.40159857273101807,24028.0
446,1775487145.5447552,optimizer,0.0025358591228723526,24028.0
447,1775487146.030866,forward,0.19403562881052494,24028.0
447,1775487146.4328265,backward,0.40173565596342087,24028.0
447,1775487146.435689,optimizer,0.00268632173538208,24028.0
448,1775487146.9418614,forward,0.19403409771621227,24028.0
448,1775487147.3438184,backward,0.40178822726011276,24028.0
448,1775487147.3465185,optimizer,0.0025358516722917557,24028.0
449,1775487147.842107,forward,0.19390242733061314,24028.0
449,1775487148.2441432,backward,0.4018648974597454,24028.0
449,1775487148.2468488,optimizer,0.002539549022912979,24028.0
450,1775487148.717621,forward,0.19388791546225548,24028.0
450,1775487149.1193056,backward,0.4015150014311075,24028.0
450,1775487149.1220014,optimizer,0.002526521682739258,24028.0
451,1775487149.5954325,forward,0.19387590885162354,24028.0
451,1775487149.9974797,backward,0.4018524680286646,24028.0
451,1775487150.000175,optimizer,0.0025268401950597763,24028.0
452,1775487150.471918,forward,0.19399315863847733,24028.0
452,1775487150.8739097,backward,0.40181934647262096,24028.0
452,1775487150.8780193,optimizer,0.003942962735891342,24028.0
453,1775487151.3736973,forward,0.193948807194829,24028.0
453,1775487151.7754285,backward,0.40156253427267075,24028.0
453,1775487151.7781382,optimizer,0.0025450680404901505,24028.0
454,1775487152.2504153,forward,0.19397644884884357,24028.0
454,1775487152.6522765,backward,0.4016869552433491,24028.0
454,1775487152.6549351,optimizer,0.0024956315755844116,24028.0
455,1775487153.141456,forward,0.19409726932644844,24028.0
455,1775487153.543044,backward,0.40141596272587776,24028.0
455,1775487153.5457556,optimizer,0.002550160512328148,24028.0
456,1775487154.0335112,forward,0.19403736852109432,24028.0
456,1775487154.4354606,backward,0.4017711356282234,24028.0
456,1775487154.4406908,optimizer,0.00499350018799305,24028.0
457,1775487154.919238,forward,0.19403270073235035,24028.0
457,1775487155.3210182,backward,0.4016099963337183,24028.0
457,1775487155.323721,optimizer,0.002534087747335434,24028.0
458,1775487155.791607,forward,0.19394383765757084,24028.0
458,1775487156.1934593,backward,0.4016837552189827,24028.0
458,1775487156.1961634,optimizer,0.0025283601135015488,24028.0
459,1775487156.6659465,forward,0.1940219011157751,24028.0
459,1775487157.0676816,backward,0.40156517177820206,24028.0
459,1775487157.070377,optimizer,0.0025295913219451904,24028.0
460,1775487157.5598555,forward,0.19410793855786324,24028.0
460,1775487157.9616218,backward,0.40159757621586323,24028.0
460,1775487157.9643185,optimizer,0.0025317110121250153,24028.0
461,1775487158.4309824,forward,0.19408609345555305,24028.0
461,1775487158.8332603,backward,0.402102330699563,24028.0
461,1775487158.8359714,optimizer,0.0025438908487558365,24028.0
462,1775487159.2970278,forward,0.19412244111299515,24028.0
462,1775487159.6988506,backward,0.40165845677256584,24028.0
462,1775487159.7015738,optimizer,0.0025492236018180847,24028.0
463,1775487160.1844437,forward,0.1940271593630314,24028.0
463,1775487160.5864346,backward,0.40182187780737877,24028.0
463,1775487160.589145,optimizer,0.0025419294834136963,24028.0
464,1775487161.0775416,forward,0.19402228854596615,24028.0
464,1775487161.4796894,backward,0.4019745700061321,24028.0
464,1775487161.4823914,optimizer,0.002535659819841385,24028.0
465,1775487161.9606144,forward,0.19390954822301865,24028.0
465,1775487162.3624966,backward,0.40171221643686295,24028.0
465,1775487162.3658307,optimizer,0.0030927080661058426,24028.0
466,1775487162.8626645,forward,0.19399167969822884,24028.0
466,1775487163.264714,backward,0.4018823094666004,24028.0
466,1775487163.2674441,optimizer,0.002561621367931366,24028.0
467,1775487163.7750618,forward,0.19396303035318851,24028.0
467,1775487164.1766446,backward,0.4014139026403427,24028.0
467,1775487164.1793444,optimizer,0.002536000683903694,24028.0
468,1775487164.6504962,forward,0.1940265167504549,24028.0
468,1775487165.052299,backward,0.4016329161822796,24028.0
468,1775487165.0549695,optimizer,0.002502191811800003,24028.0
469,1775487165.535706,forward,0.19391057826578617,24028.0
469,1775487165.9378712,backward,0.40199490264058113,24028.0
469,1775487165.9405851,optimizer,0.002547040581703186,24028.0
470,1775487166.4067972,forward,0.1939531285315752,24028.0
470,1775487166.8088028,backward,0.4018342364579439,24028.0
470,1775487166.8114665,optimizer,0.002497781068086624,24028.0
471,1775487167.2719555,forward,0.19390205666422844,24028.0
471,1775487167.673821,backward,0.4016977362334728,24028.0
471,1775487167.6765254,optimizer,0.002538861706852913,24028.0
472,1775487168.1694987,forward,0.1940666101872921,24028.0
472,1775487168.5714219,backward,0.4017519950866699,24028.0
472,1775487168.577831,optimizer,0.006245439872145653,24028.0
473,1775487169.0520482,forward,0.19402697682380676,24028.0
473,1775487169.4538589,backward,0.40164134465157986,24028.0
473,1775487169.4565666,optimizer,0.002539411187171936,24028.0
474,1775487169.923705,forward,0.19405247271060944,24028.0
474,1775487170.3255203,backward,0.4016471151262522,24028.0
474,1775487170.328169,optimizer,0.0024765171110630035,24028.0
475,1775487170.808914,forward,0.194314643740654,24028.0
475,1775487171.2108004,backward,0.40171476639807224,24028.0
475,1775487171.2134879,optimizer,0.002519579604268074,24028.0
476,1775487171.705061,forward,0.19398401863873005,24028.0
476,1775487172.107276,backward,0.4020488001406193,24028.0
476,1775487172.1099443,optimizer,0.0025014281272888184,24028.0
477,1775487172.6057992,forward,0.19393282756209373,24028.0
477,1775487173.007682,backward,0.40171326883137226,24028.0
477,1775487173.0103984,optimizer,0.002551870420575142,24028.0
478,1775487173.502243,forward,0.19400960765779018,24028.0
478,1775487173.9043267,backward,0.40191598050296307,24028.0
478,1775487173.9070406,optimizer,0.002550378441810608,24028.0
479,1775487174.3993967,forward,0.19400298967957497,24028.0
479,1775487174.8013906,backward,0.4018212165683508,24028.0
479,1775487174.804118,optimizer,0.0025388598442077637,24028.0
480,1775487175.2822766,forward,0.19398373924195766,24028.0
480,1775487175.6841228,backward,0.40167564526200294,24028.0
480,1775487175.6868308,optimizer,0.002540111541748047,24028.0
481,1775487176.1495612,forward,0.19393800012767315,24028.0
481,1775487176.5515008,backward,0.40177138708531857,24028.0
481,1775487176.5541365,optimizer,0.002466559410095215,24028.0
482,1775487177.0183954,forward,0.19411887042224407,24028.0
482,1775487177.4204385,backward,0.40187057852745056,24028.0
482,1775487177.4231603,optimizer,0.0025568287819623947,24028.0
483,1775487177.9027507,forward,0.19394557923078537,24028.0
483,1775487178.3045912,backward,0.4016707558184862,24028.0
483,1775487178.3073246,optimizer,0.0025645215064287186,24028.0
484,1775487178.771248,forward,0.19402772933244705,24028.0
484,1775487179.1736708,backward,0.40223528258502483,24028.0
484,1775487179.1763875,optimizer,0.0025535617023706436,24028.0
485,1775487179.6823406,forward,0.19405190646648407,24028.0
485,1775487180.0841486,backward,0.40163527615368366,24028.0
485,1775487180.0868337,optimizer,0.002519829198718071,24028.0
486,1775487180.5916085,forward,0.1940177995711565,24028.0
486,1775487180.9932785,backward,0.40150286257267,24028.0
486,1775487180.9959936,optimizer,0.002551870420575142,24028.0
487,1775487181.4732018,forward,0.19409328885376453,24028.0
487,1775487181.8753846,backward,0.40200836956501007,24028.0
487,1775487181.8780584,optimizer,0.0022476427257061005,24028.0
488,1775487182.3509686,forward,0.193957157433033,24028.0
488,1775487182.752876,backward,0.4017355553805828,24028.0
488,1775487182.755579,optimizer,0.002539239823818207,24028.0
489,1775487183.2464905,forward,0.19400476850569248,24028.0
489,1775487183.648362,backward,0.40170164592564106,24028.0
489,1775487183.6510813,optimizer,0.002554571256041527,24028.0
490,1775487184.1390433,forward,0.19405312836170197,24028.0
490,1775487184.5410864,backward,0.40187743678689003,24028.0
490,1775487184.5437984,optimizer,0.002544838935136795,24028.0
491,1775487185.028397,forward,0.1940475795418024,24028.0
491,1775487185.430232,backward,0.40166679583489895,24028.0
491,1775487185.4329348,optimizer,0.002537282183766365,24028.0
492,1775487185.918485,forward,0.19402489811182022,24028.0
492,1775487186.3205369,backward,0.4018836598843336,24028.0
492,1775487186.3232567,optimizer,0.002549886703491211,24028.0
493,1775487186.798489,forward,0.19387907534837723,24028.0
493,1775487187.2002826,backward,0.40162174589931965,24028.0
493,1775487187.203167,optimizer,0.0026496723294258118,24028.0
494,1775487187.6712124,forward,0.19416223093867302,24028.0
494,1775487188.0731695,backward,0.4017858989536762,24028.0
494,1775487188.0758803,optimizer,0.0025443006306886673,24028.0
495,1775487188.5599282,forward,0.19399217702448368,24028.0
495,1775487188.9618545,backward,0.40175920724868774,24028.0
495,1775487188.9645615,optimizer,0.002542870119214058,24028.0
496,1775487189.4448705,forward,0.19402377866208553,24028.0
496,1775487189.847115,backward,0.4020464811474085,24028.0
496,1775487189.8498192,optimizer,0.00253208726644516,24028.0
497,1775487190.3309941,forward,0.19400051794946194,24028.0
497,1775487190.7331612,backward,0.40200018137693405,24028.0
497,1775487190.7358782,optimizer,0.0025553833693265915,24028.0
498,1775487191.219783,forward,0.194011639803648,24028.0
498,1775487191.6215706,backward,0.401622062548995,24028.0
498,1775487191.6242752,optimizer,0.002535829320549965,24028.0
499,1775487192.0864518,forward,0.19398851692676544,24028.0
499,1775487192.4885836,backward,0.4019614905118942,24028.0
499,1775487192.4913,optimizer,0.0025478191673755646,24028.0
