step,wall_timestamp,duration_sec,throughput_samples_sec,gpu_util_pct,gpu_mem_mb,cpu_util_pct,ram_mb
0,1775607001.59366,0.7792727313935757,164.2557154169853,100.0,24989.25,0.6,20351.01953125
1,1775607002.5620701,0.6022543162107468,212.5347989290441,100.0,24989.25,0.8,20626.625
2,1775607003.4626482,0.6017383150756359,212.7170512383127,100.0,24989.25,0.8,20670.07421875
3,1775607004.332855,0.6025519426912069,212.4298187942228,100.0,24989.25,0.8,20671.9453125
4,1775607005.200226,0.6021103654056787,212.58561113419552,100.0,24989.25,0.8,20673.203125
5,1775607006.0685985,0.6019350104033947,212.64754132546486,100.0,24989.25,0.8,20677.4375
6,1775607006.9671345,0.6068152952939272,210.93733297872754,100.0,24989.25,0.8,20591.66015625
7,1775607007.8724658,0.6024091206490993,212.4801826739928,100.0,24989.25,0.8,20612.19140625
8,1775607008.7630796,0.6018712520599365,212.67006782914646,100.0,24989.25,0.8,20600.5234375
9,1775607009.665793,0.6024590190500021,212.46258409715404,100.0,24989.25,0.8,20598.421875
10,1775607010.5763454,0.6021106969565153,212.58549407442968,100.0,24989.25,0.8,20596.0234375
11,1775607011.4646678,0.6021965127438307,212.5551996586372,100.0,24989.25,0.8,20599.37890625
12,1775607012.3681853,0.6023235693573952,212.51036238970391,100.0,24989.25,0.8,20597.48046875
13,1775607013.2768378,0.6019102800637484,212.65627825204035,100.0,24989.25,0.8,20601.48828125
14,1775607014.1626346,0.6018933672457933,212.6622537571992,100.0,24989.25,0.8,20598.81640625
15,1775607015.0562806,0.6018546875566244,212.675921026132,100.0,24989.25,0.8,20680.671875
16,1775607015.9436884,0.6026267446577549,212.40345061800076,100.0,24989.25,0.8,20680.53515625
17,1775607016.8501415,0.6019946709275246,212.62646694659892,100.0,24989.25,0.8,20621.1640625
18,1775607017.7402132,0.6022666748613119,212.53043766613095,100.0,24989.25,0.8,20614.9375
19,1775607018.6216435,0.6016736272722483,212.73992111022332,100.0,24989.25,0.8,20618.9765625
20,1775607019.5235705,0.6021174248307943,212.58311870972722,100.0,24989.25,0.8,20620.31640625
21,1775607020.4037185,0.6020335350185633,212.61274090994485,100.0,24989.25,0.8,20620.90234375
22,1775607021.306468,0.6021735463291407,212.56330634298035,100.0,24989.25,0.8,20675.3828125
23,1775607022.1946137,0.601940331980586,212.64566137118103,100.0,24989.25,0.8,20675.1953125
24,1775607023.07891,0.6021983958780766,212.55453497739867,100.0,24989.25,0.8,20674.15234375
25,1775607023.9769218,0.6074053049087524,210.73243675280185,100.0,24989.25,0.8,20593.74609375
26,1775607024.878107,0.6023922096937895,212.48614762974026,100.0,24989.25,0.8,20593.59375
27,1775607025.76257,0.6016339864581823,212.7539382433091,100.0,24989.25,0.9,20596.9765625
28,1775607026.6690571,0.6025645732879639,212.4253659679212,100.0,24989.25,0.8,20600.4921875
29,1775607027.552113,0.6017437558621168,212.71512791456342,100.0,24989.25,0.8,20595.9140625
30,1775607028.438351,0.6035115104168653,212.09206086489746,100.0,24989.25,0.8,20600.38671875
31,1775607029.3657181,0.6021281518042088,212.57933152014652,100.0,24989.25,0.8,20623.1171875
32,1775607030.2692347,0.6019058600068092,212.65783987973128,100.0,24989.25,0.8,20627.56640625
33,1775607031.1479807,0.6020719930529594,212.5991600289251,100.0,24989.25,0.8,20642.76171875
34,1775607032.0515773,0.6021241750568151,212.5807355067951,100.0,24989.25,0.8,20641.640625
35,1775607032.9539518,0.6019043028354645,212.65839004143132,100.0,24989.25,0.8,20641.58984375
36,1775607033.8501337,0.603333255276084,212.15472358046546,100.0,24989.25,0.8,20620.8203125
37,1775607034.7417803,0.601815739646554,212.6896848446907,100.0,24989.25,0.8,20621.34375
38,1775607035.621805,0.602682575583458,212.38377412202934,100.0,24989.25,0.8,20641.4140625
39,1775607036.5188715,0.601859787479043,212.67411889427322,100.0,24989.25,0.8,20642.5625
40,1775607037.4004257,0.6019460000097752,212.6436590623102,100.0,24989.25,0.8,20639.7734375
41,1775607038.2972715,0.6022352278232574,212.54153541075337,100.0,24989.25,0.8,20644.140625
42,1775607039.2004383,0.6014521829783916,212.81824827061715,100.0,24989.25,0.8,20645.09765625
43,1775607040.0916781,0.6016103141009808,212.76230975407628,100.0,24989.25,0.8,20640.87109375
44,1775607040.993218,0.6022183652967215,212.54748671926103,100.0,24989.25,0.8,20596.125
45,1775607041.883056,0.6022078767418861,212.5511886236294,100.0,24989.25,0.8,20643.66796875
46,1775607042.7590244,0.6019756849855185,212.63317305428916,100.0,24989.25,0.9,20643.87890625
47,1775607043.6534286,0.6018483396619558,212.67816418982665,100.0,24989.25,0.8,20636.0078125
48,1775607044.5480506,0.6018822602927685,212.66617816205124,100.0,24989.25,0.8,20595.7734375
49,1775607045.4371686,0.6019145883619785,212.65475613131932,100.0,24989.25,0.8,20639.51171875
50,1775607046.319527,0.6018683109432459,212.6711070722412,100.0,24989.25,0.8,20662.94140625
51,1775607047.1934986,0.6020147725939751,212.61936720999498,99.0,24989.25,0.8,20681.15234375
52,1775607048.0648658,0.6018493995070457,212.6777896677149,100.0,24989.25,0.8,20683.609375
53,1775607048.9339406,0.6021433938294649,212.57395051028547,100.0,24989.25,0.8,20683.265625
54,1775607049.8244104,0.6021834071725607,212.55982558702507,100.0,24989.25,0.8,20683.55078125
55,1775607050.7162502,0.6051990259438753,211.50067087495677,100.0,24989.25,0.8,20644.75390625
56,1775607051.610744,0.601500004529953,212.80132840568575,100.0,24989.25,0.8,20653.08984375
57,1775607052.5033336,0.6017836965620518,212.70100989982788,100.0,24989.25,0.8,20676.35546875
58,1775607053.3784993,0.602442329749465,212.4684698919327,100.0,24989.25,0.8,20682.1640625
59,1775607054.2683995,0.6018087882548571,212.6921415873274,100.0,24989.25,0.8,20682.015625
60,1775607055.1552672,0.6018607523292303,212.67377795384363,100.0,24989.25,0.8,20683.1875
61,1775607056.046731,0.6046749781817198,211.68397009729222,100.0,24989.25,0.8,20636.32421875
62,1775607056.9667525,0.6019190922379494,212.65316493632554,100.0,24989.25,0.8,20643.46875
63,1775607057.8724647,0.6020619850605726,212.60269403510355,100.0,24989.25,0.9,20643.0625
64,1775607058.7634277,0.601947171613574,212.6432451819391,100.0,24989.25,0.8,20666.48828125
65,1775607059.6475759,0.6019711103290319,212.6347889519754,100.0,24989.25,0.8,20678.85546875
66,1775607060.536217,0.601878710091114,212.66743258059918,100.0,24989.25,0.8,20688.01953125
67,1775607061.401464,0.6018352992832661,212.68277243364915,100.0,24989.25,0.9,20688.09375
68,1775607062.2964096,0.6023198179900646,212.51168594640427,100.0,24989.25,0.8,20687.75
69,1775607063.170909,0.6019202191382647,212.65276681227024,100.0,24989.25,0.8,20688.7265625
70,1775607064.0454614,0.6015774253755808,212.77394164198597,100.0,24989.25,0.8,20689.05859375
71,1775607064.9159577,0.6020723339170218,212.59903966562445,100.0,24989.25,0.8,20689.2109375
72,1775607065.789634,0.6020660940557718,212.60124305910978,100.0,24989.25,0.8,20689.1171875
73,1775607066.675723,0.6020162124186754,212.61885869442617,100.0,24989.25,0.9,20689.0234375
74,1775607067.5441384,0.6020714230835438,212.59936129245358,100.0,24989.25,0.8,20689.17578125
75,1775607068.4169033,0.6020749546587467,212.5981142539799,100.0,24989.25,0.8,20688.8359375
76,1775607069.302332,0.6025413312017918,212.43355994301518,100.0,24989.25,0.8,20688.98828125
77,1775607070.200128,0.605130897834897,211.52448248465296,100.0,24989.25,0.8,20642.23046875
78,1775607071.1002204,0.6018058881163597,212.69316656345356,100.0,24989.25,0.8,20652.0859375
79,1775607071.9710917,0.6019058898091316,212.65782935034852,100.0,24989.25,0.8,20634.265625
80,1775607072.8484957,0.6026193350553513,212.40606225859491,100.0,24989.25,0.9,20650.05859375
81,1775607073.7359731,0.6019997727125883,212.62466499486672,100.0,24989.25,0.8,20660.26953125
82,1775607074.6344903,0.6017655208706856,212.70743430896258,100.0,24989.25,0.9,20654.88671875
83,1775607075.5203013,0.6017759591341019,212.70374473613032,100.0,24989.25,0.8,20678.41796875
84,1775607076.3887875,0.6022082064300776,212.55107225919562,100.0,24989.25,0.8,20680.5234375
85,1775607077.2810297,0.6019829642027617,212.63060188010016,100.0,24989.25,0.8,20681.4140625
86,1775607078.1733732,0.6019537188112736,212.64093235069947,100.0,24989.25,0.8,20684.61328125
87,1775607079.0676188,0.6080058123916388,210.52430320773072,100.0,24989.25,0.8,20624.37890625
88,1775607079.9755678,0.6020314749330282,212.61346844737494,100.0,24989.25,0.8,20622.41796875
89,1775607080.8795056,0.6025982238352299,212.41350361994992,100.0,24989.25,0.8,20621.50390625
90,1775607081.7674348,0.6022014860063791,212.55344427802373,100.0,24989.25,0.8,20624.25390625
91,1775607082.6730485,0.6021670754998922,212.56559052774534,100.0,24989.25,0.8,20625.52734375
92,1775607083.5579326,0.6021242458373308,212.58071051764344,100.0,24989.25,0.8,20646.125
93,1775607084.4393444,0.6019692197442055,212.63545676702702,100.0,24989.25,0.8,20706.078125
94,1775607085.327472,0.602339368313551,212.50478838595342,100.0,24989.25,1.1,20725.11328125
95,1775607086.1979346,0.6018951199948788,212.66163447394138,100.0,24989.25,1.1,20732.1640625
96,1775607087.0763388,0.6078319419175386,210.58452373561684,100.0,24989.25,1.9,20818.62890625
97,1775607087.961601,0.6019879914820194,212.62882617455531,100.0,24989.25,1.4,20928.8203125
98,1775607088.8686862,0.6020529847592115,212.6058723073901,100.0,24989.25,1.3,21001.86328125
99,1775607089.7447698,0.6020541042089462,212.60547699144476,100.0,24989.25,1.1,21013.36328125
100,1775607090.6413028,0.6016754973679781,212.73925988333312,100.0,24989.25,1.2,21029.9765625
101,1775607091.5454097,0.6018601413816214,212.67399383877634,100.0,24989.25,1.2,21144.42578125
102,1775607092.4364746,0.6017454378306866,212.71453334394107,100.0,24989.25,1.3,21385.28125
103,1775607093.3252745,0.6031091585755348,212.2335537107732,100.0,24989.25,1.6,21401.9453125
104,1775607094.2061956,0.6026774849742651,212.38556805463824,100.0,24989.25,1.5,21393.59765625
105,1775607095.0887718,0.6019086297601461,212.65686130967515,100.0,24989.25,1.4,21392.91015625
106,1775607095.9696457,0.6017740610986948,212.70441561788616,100.0,24989.25,1.7,21390.6875
107,1775607096.8676941,0.6019261199980974,212.65068211428436,100.0,24989.25,1.4,21515.59375
108,1775607097.768862,0.6016384344547987,212.7523653238558,100.0,24989.25,1.4,21882.5
109,1775607098.6550646,0.6023492682725191,212.50129574672172,100.0,24989.25,1.4,21884.53515625
110,1775607099.535538,0.6020864136517048,212.59406805689108,100.0,24989.25,1.4,21928.12109375
111,1775607100.4144466,0.6018335912376642,212.68337604215378,100.0,24989.25,1.3,21938.89453125
112,1775607101.290948,0.6015886962413788,212.76995528626398,100.0,24989.25,1.3,21945.07421875
113,1775607102.202152,0.6276619024574757,203.93144700808418,99.0,24989.25,1.3,21955.11328125
114,1775607103.0977237,0.6019417028874159,212.64517707612703,100.0,24989.25,1.4,21956.37109375
115,1775607103.9895208,0.6020950172096491,212.59103022178056,100.0,24989.25,1.3,21965.91796875
116,1775607104.884857,0.602100795134902,212.5889901396349,100.0,24989.25,1.3,21988.5703125
117,1775607105.7760696,0.6016916669905186,212.7335428130784,99.0,24989.25,1.3,21991.08203125
118,1775607106.671217,0.6018319390714169,212.68395990663896,100.0,24989.25,1.4,21987.90625
119,1775607107.5638106,0.6019589733332396,212.63907620019853,100.0,24989.25,1.3,21999.02734375
120,1775607108.443029,0.6016331650316715,212.75422872218448,100.0,24989.25,1.3,21906.46484375
121,1775607109.318004,0.60210120677948,212.5888447967853,100.0,24989.25,1.3,21910.91015625
122,1775607110.211613,0.6014905925840139,212.804658257596,100.0,24989.25,1.3,21915.08984375
123,1775607111.085859,0.6018285900354385,212.6851434433561,100.0,24989.25,1.3,21908.14453125
124,1775607111.9804823,0.6021449957042933,212.57338500386606,100.0,24989.25,1.3,21910.65234375
125,1775607112.8802476,0.602015782147646,212.61901065677986,100.0,24989.25,1.3,21943.92578125
126,1775607113.7665443,0.6041011270135641,211.88505413453063,100.0,24989.25,1.3,21916.90625
127,1775607114.6580489,0.6020010020583868,212.6242307941965,100.0,24989.25,1.3,21964.84375
128,1775607115.52592,0.601613063365221,212.76133746832403,100.0,24989.25,1.3,21973.09765625
129,1775607116.3921652,0.6019344329833984,212.647745312703,100.0,24989.25,1.3,21977.42578125
130,1775607117.2665904,0.6018102318048477,212.69163140700348,100.0,24989.25,1.3,21982.0078125
131,1775607118.1529958,0.6066663432866335,210.98912345549957,100.0,24989.25,1.3,21901.2890625
132,1775607119.0564117,0.602214215323329,212.54895142466333,100.0,24989.25,1.3,21914.28125
133,1775607119.9393685,0.6020774319767952,212.59723949416073,100.0,24989.25,1.3,21916.8125
134,1775607120.8390465,0.6019834727048874,212.63042226866904,100.0,24989.25,1.3,21923.03515625
135,1775607121.7197096,0.6017848886549473,212.70058855431466,100.0,24989.25,1.3,21944.86328125
136,1775607122.6181543,0.6044631153345108,211.75816481236345,100.0,24989.25,1.4,21922.88671875
137,1775607123.5225341,0.602078303694725,212.59693168565084,100.0,24989.25,1.3,21928.01171875
138,1775607124.430874,0.6015284359455109,212.79127028933144,100.0,24989.25,1.3,21938.90625
139,1775607125.3197877,0.6016860678792,212.73552244805916,100.0,24989.25,1.3,21944.3828125
140,1775607126.223712,0.6023038011044264,212.51733720639027,100.0,24989.25,1.3,21946.83984375
141,1775607127.1287584,0.6013296414166689,212.8616172960401,100.0,24989.25,1.3,21950.6640625
142,1775607128.0284536,0.6021378338336945,212.57591336695936,100.0,24989.25,1.3,21957.35546875
143,1775607128.9296904,0.6018336582928896,212.68335234535397,100.0,24989.25,1.3,21980.15625
144,1775607129.8298037,0.6016147546470165,212.76073934573134,100.0,24989.25,1.3,22003.22265625
145,1775607130.7043507,0.6018632091581821,212.67290981123742,100.0,24989.25,1.3,22038.8046875
146,1775607131.5758252,0.6018960997462273,212.66128830867592,100.0,24989.25,1.3,22047.078125
147,1775607132.460505,0.6022252067923546,212.5450721031244,100.0,24989.25,1.3,22054.7890625
148,1775607133.347945,0.6018844805657864,212.66539366437362,100.0,24989.25,1.3,22059.36328125
149,1775607134.2344859,0.6015446837991476,212.7855227505235,100.0,24989.25,1.4,22063.29296875
150,1775607135.1306832,0.6061764359474182,211.1596433139858,100.0,24989.25,1.3,21980.1640625
151,1775607136.0310209,0.6016765478998423,212.73888843895483,100.0,24989.25,1.3,21987.4140625
152,1775607136.91316,0.6017507389187813,212.7126594476459,100.0,24989.25,1.3,22007.02734375
153,1775607137.7953238,0.6015811748802662,212.77261547533644,100.0,24989.25,1.3,22002.421875
154,1775607138.6751547,0.602035054937005,212.61220414049393,100.0,24989.25,1.3,22006.67578125
155,1775607139.5760193,0.6017694473266602,212.7060464246491,100.0,24989.25,1.3,22006.74609375
156,1775607140.4639826,0.6016134079545736,212.76121560386662,100.0,24989.25,1.3,22034.234375
157,1775607141.3637955,0.6014717854559422,212.81131234272337,99.0,24989.25,1.3,22035.8828125
158,1775607142.243513,0.6018711999058723,212.67008625768793,100.0,24989.25,1.3,22074.5
159,1775607143.1358545,0.6016916073858738,212.73356388684294,100.0,24989.25,1.3,22104.58203125
160,1775607144.0094783,0.6055560447275639,211.37597603800066,100.0,24989.25,1.3,22108.2734375
161,1775607144.9047616,0.606856057420373,210.92316445534564,100.0,24989.25,1.3,22025.44921875
162,1775607145.7920668,0.6020266525447369,212.6151715359284,100.0,24989.25,1.3,22039.0546875
163,1775607146.6763377,0.6031624414026737,212.2148051896797,100.0,24989.25,1.3,22055.32421875
164,1775607147.559531,0.6019915416836739,212.62757221140436,100.0,24989.25,1.3,22086.828125
165,1775607148.4479883,0.6015955358743668,212.76753627162998,100.0,24989.25,1.3,22081.93359375
166,1775607149.3537686,0.6015835739672184,212.7717669481697,100.0,24989.25,1.3,22091.97265625
167,1775607150.2292094,0.6017184965312481,212.72405740871685,100.0,24989.25,1.3,22092.7109375
168,1775607151.1028118,0.601531732827425,212.79010402053427,100.0,24989.25,1.3,22122.484375
169,1775607151.9726162,0.6021448466926813,212.57343760898743,100.0,24989.25,1.3,22143.71484375
170,1775607152.8626864,0.6016632057726383,212.74360601065197,100.0,24989.25,1.3,22148.05078125
171,1775607153.7352688,0.6016716659069061,212.7406146125632,100.0,24989.25,1.3,22151.89453125
172,1775607154.608048,0.6062625348567963,211.1296552907307,100.0,24989.25,1.3,22072.55859375
173,1775607155.5126324,0.6015890073031187,212.76984526997097,100.0,24989.25,1.3,22083.921875
174,1775607156.3920178,0.601858539506793,212.67455988062008,100.0,24989.25,1.3,22143.875
175,1775607157.268162,0.6017434373497963,212.7152405080456,100.0,24989.25,1.3,22172.15625
176,1775607158.153108,0.6021725088357925,212.56367257194822,100.0,24989.25,1.3,22175.90625
177,1775607159.017163,0.6016850993037224,212.73586490362354,100.0,24989.25,1.3,22179.59765625
178,1775607159.8842049,0.6015001516789198,212.80127634668708,100.0,24989.25,1.3,22157.015625
179,1775607160.7800837,0.6015659235417843,212.77800984202395,100.0,24989.25,1.3,22184.6171875
180,1775607161.6476467,0.6016650963574648,212.74293751610927,100.0,24989.25,1.3,22189.19921875
181,1775607162.523955,0.605486411601305,211.40028503940107,100.0,24989.25,1.3,22193.53515625
182,1775607163.4190474,0.6096284855157137,209.96394204204339,100.0,24989.25,1.3,22121.8125
183,1775607164.3202937,0.6013503428548574,212.85428955163033,100.0,24989.25,1.3,22142.90234375
184,1775607165.2123048,0.602036576718092,212.6116667159526,100.0,24989.25,1.3,22149.0546875
185,1775607166.0950215,0.6025288235396147,212.43796976890076,100.0,24989.25,1.3,22151.61328125
186,1775607166.9705024,0.6015069428831339,212.79887375276562,100.0,24989.25,1.3,22218.921875
187,1775607167.8570573,0.601561963558197,212.7794105247096,100.0,24989.25,1.3,22223.01171875
188,1775607168.7438474,0.6034265477210283,212.1219235106905,100.0,24989.25,1.3,22194.66015625
189,1775607169.6143253,0.6016436871141195,212.7505078861087,100.0,24989.25,1.3,22204.5546875
190,1775607170.4866114,0.6015387829393148,212.7876100931518,100.0,24989.25,1.3,22212.4765625
191,1775607171.3564668,0.6016267761588097,212.75648802940282,100.0,24989.25,1.3,22213.265625
192,1775607172.24996,0.6018701922148466,212.67044232406258,100.0,24989.25,1.3,22222.66796875
193,1775607173.1466682,0.601453872397542,212.81765048707848,100.0,24989.25,1.3,22222.66796875
194,1775607174.0183609,0.6046747080981731,211.68406464789382,100.0,24989.25,1.3,22242.55859375
195,1775607174.8955014,0.6060422603040934,211.2063933227586,100.0,24989.25,1.3,22246.89453125
196,1775607175.7686453,0.6017429400235415,212.71541631214214,100.0,24989.25,1.3,22250.984375
197,1775607176.6392076,0.6014709454029799,212.8116095686737,100.0,24989.25,1.3,22256.55078125
198,1775607177.5285687,0.6012323796749115,212.89605205429896,100.0,24989.25,1.3,22262.1171875
199,1775607178.4119887,0.601648235693574,212.7488994502625,100.0,24989.25,1.3,22265.71484375
200,1775607179.3004482,0.601519962772727,212.7942677246813,100.0,24989.25,1.3,22270.390625
201,1775607180.1839159,0.6015746761113405,212.77491404294008,100.0,24989.25,1.3,22277.33984375
202,1775607181.0713909,0.6021518055349588,212.57098097760127,100.0,24989.25,1.3,22281.27734375
203,1775607181.9589877,0.6021119933575392,212.58503635882988,100.0,24989.25,1.3,22285.51953125
204,1775607182.8286893,0.6023848168551922,212.48875539100786,100.0,24989.25,1.3,22211.58984375
205,1775607183.748029,0.6016181968152523,212.75952203172278,100.0,24989.25,1.3,22223.14453125
206,1775607184.6460028,0.6011356767266989,212.93030002309126,100.0,24989.25,1.3,22230.20703125
207,1775607185.5388176,0.6011419873684645,212.92806473280592,100.0,24989.25,1.3,22239.26171875
208,1775607186.444661,0.6023266185075045,212.50928660129478,100.0,24989.25,1.3,22243.86328125
209,1775607187.3243012,0.6013795826584101,212.8439403183153,100.0,24989.25,1.3,22247.78125
210,1775607188.2219748,0.6016294956207275,212.75552633591673,100.0,24989.25,1.3,22304.4609375
211,1775607189.1090558,0.6017049085348845,212.72886124806985,100.0,24989.25,1.3,22315.78125
212,1775607189.9745026,0.6013302709907293,212.8613944365581,100.0,24989.25,1.3,22319.77734375
213,1775607190.856483,0.6014643032103777,212.81395972593356,100.0,24989.25,1.3,22323.8671875
214,1775607191.7546055,0.6063459981232882,211.10059338426407,100.0,24989.25,1.3,22328.203125
215,1775607192.6240358,0.6015891060233116,212.76981035464428,100.0,24989.25,1.3,22332.5390625
216,1775607193.4938135,0.6029165685176849,212.30134762210548,100.0,24989.25,1.3,22335.890625
217,1775607194.381853,0.6016995571553707,212.73075321035657,100.0,24989.25,1.3,22340.71875
218,1775607195.2491398,0.6016162745654583,212.7602018287374,100.0,24989.25,1.3,22344.0703125
219,1775607196.1318917,0.6012606509029865,212.8860416988319,100.0,24989.25,1.3,22349.484375
220,1775607197.0005379,0.60149160400033,212.80430042366774,100.0,24989.25,1.3,22352.7421875
221,1775607197.8726623,0.6062253322452307,211.14261181718706,100.0,24989.25,1.3,22356.81640625
222,1775607198.741057,0.6030695214867592,212.24750288231957,100.0,24989.25,1.3,22337.28125
223,1775607199.6267478,0.6017222162336111,212.72274239963514,100.0,24989.25,1.3,22340.6875
224,1775607200.5161612,0.6019155699759722,212.65440933038104,100.0,24989.25,1.3,22353.04296875
225,1775607201.3834522,0.6017128489911556,212.7260539883891,100.0,24989.25,1.3,22365.25390625
226,1775607202.2736633,0.6024464890360832,212.46700301100685,100.0,24989.25,1.3,22376.4609375
227,1775607203.1569312,0.6010985467582941,212.94345276710456,100.0,24989.25,1.3,22381.125
228,1775607204.0395577,0.601596724241972,212.7671159800337,100.0,24989.25,1.3,22385.3671875
229,1775607204.9073687,0.6014087311923504,212.83362439089925,100.0,24989.25,1.3,22390.44140625
230,1775607205.7994165,0.6060126088559628,211.21672739060628,100.0,24989.25,1.3,22307.6484375
231,1775607206.696553,0.6012793369591236,212.87942580455203,100.0,24989.25,1.3,22360.8046875
232,1775607207.57051,0.6035272069275379,212.08654478333773,100.0,24989.25,1.3,22402.79296875
233,1775607208.4603138,0.6016717571765184,212.7405823412239,100.0,24989.25,1.3,22406.37109375
234,1775607209.3276837,0.6016191355884075,212.75919003941073,100.0,24989.25,1.3,22323.1484375
235,1775607210.249225,0.6226186435669661,205.5833074106026,100.0,24989.25,1.4,22351.35546875
236,1775607211.139698,0.6018835678696632,212.66571615013447,100.0,24989.25,1.3,22392.453125
237,1775607212.0083027,0.6014273706823587,212.82702823247905,100.0,24989.25,1.3,22424.50390625
238,1775607212.8760576,0.6021269243210554,212.57976487985465,100.0,24989.25,1.3,22430.5625
239,1775607213.7647119,0.6015450730919838,212.78538504533174,100.0,24989.25,1.3,22435.14453125
240,1775607214.6527808,0.601395120844245,212.83844109062977,100.0,24989.25,1.3,22440.70703125
241,1775607215.525746,0.6013968586921692,212.83782605442246,100.0,24989.25,1.3,22389.35546875
242,1775607216.415769,0.6024609711021185,212.46189569067323,100.0,24989.25,1.4,22408.25
243,1775607217.3070989,0.6017200779169798,212.72349834678502,100.0,24989.25,1.3,22407.73046875
244,1775607218.1782093,0.6016583945602179,212.74530723295499,100.0,24989.25,1.3,22413.69140625
245,1775607219.0699773,0.6016912944614887,212.7336745241752,100.0,24989.25,1.3,22417.62890625
246,1775607219.9613247,0.6016437262296677,212.75049405424713,100.0,24989.25,1.3,22424.71484375
247,1775607220.8502033,0.6016167439520359,212.7600358313911,100.0,24989.25,1.3,22388.62890625
248,1775607221.7310529,0.6013064999133348,212.86980935421187,100.0,24989.25,1.3,22427.5390625
249,1775607222.6073606,0.6015879157930613,212.7702313156676,100.0,24989.25,1.4,22474.203125
250,1775607223.4886856,0.6017473861575127,212.71384462066425,100.0,24989.25,1.3,22478.77734375
251,1775607224.354127,0.6019296795129776,212.64942460316135,100.0,24989.25,1.3,22482.62109375
252,1775607225.223031,0.6062660925090313,211.12841635307723,100.0,24989.25,1.3,22399.6875
253,1775607226.1272478,0.6013892292976379,212.8405261755205,100.0,24989.25,1.3,22406.5546875
254,1775607227.0118587,0.601697476580739,212.73148879962815,100.0,24989.25,1.4,22413.515625
255,1775607227.9125028,0.6014428921043873,212.82153581055894,100.0,24989.25,1.3,22420.46875
256,1775607228.810132,0.6012915689498186,212.875095228023,100.0,24989.25,1.3,22423.60546875
257,1775607229.6932306,0.6015596054494381,212.78024461826763,100.0,24989.25,1.3,22446.171875
258,1775607230.5906978,0.6013703104108572,212.8472220594831,100.0,24989.25,1.3,22473.4375
259,1775607231.4855418,0.6018060687929392,212.6931027078765,100.0,24989.25,1.3,22475.59765625
260,1775607232.3728955,0.6018221992999315,212.68740194179568,100.0,24989.25,1.4,22501.0078125
261,1775607233.2826664,0.6017198953777552,212.72356287910767,100.0,24989.25,1.3,22520.203125
262,1775607234.1503499,0.6016297247260809,212.7554453169311,100.0,24989.25,1.3,22525.42578125
263,1775607235.0376048,0.601720217615366,212.72344895982982,100.0,24989.25,1.3,22529.36328125
264,1775607235.922328,0.6015012916177511,212.80087305505387,100.0,24989.25,1.3,22533.60546875
265,1775607236.8088565,0.6011573970317841,212.9226066783845,100.0,24989.25,1.4,22542.37109375
266,1775607237.6827657,0.6015069428831339,212.79887375276562,100.0,24989.25,1.3,22545.96875
267,1775607238.5692108,0.6016484368592501,212.74882831606922,100.0,24989.25,1.3,22550.05859375
268,1775607239.4468765,0.6047638170421124,211.65287405262674,100.0,24989.25,1.3,22490.41015625
269,1775607240.3439631,0.6017502062022686,212.7128477575874,100.0,24989.25,1.4,22495.9140625
270,1775607241.2218106,0.6015615239739418,212.77956601084855,100.0,24989.25,1.3,22546.76171875
271,1775607242.0955622,0.6015388444066048,212.78758834978836,100.0,24989.25,1.3,22563.98828125
272,1775607242.9665122,0.6041903253644705,211.85377293617793,100.0,24989.25,1.3,22512.3671875
273,1775607243.8399374,0.601409699767828,212.83328162052246,100.0,24989.25,1.3,22487.63671875
274,1775607244.7206347,0.602197153493762,212.5549734956127,100.0,24989.25,1.3,22538.55859375
275,1775607245.611248,0.6013535410165787,212.85315753461435,100.0,24989.25,1.3,22540.5546875
276,1775607246.4812849,0.6012559290975332,212.8877135434225,100.0,24989.25,1.3,22565.70703125
277,1775607247.3678534,0.6014340240508318,212.8246738318578,100.0,24989.25,1.3,22568.46484375
278,1775607248.2480388,0.6013931520283222,212.83913787227814,100.0,24989.25,1.3,22559.5546875
279,1775607249.1212842,0.6014933325350285,212.80368887970312,100.0,24989.25,1.3,22510.58203125
280,1775607250.0201237,0.6013112682849169,212.86812130610244,100.0,24989.25,1.3,22562.90234375
281,1775607250.922128,0.6046120151877403,211.70601441033924,100.0,24989.25,1.3,22518.640625
282,1775607251.811392,0.6040770150721073,211.89351159921375,100.0,24989.25,1.4,22530.93359375
283,1775607252.7111628,0.6044236216694117,211.7720013100503,100.0,24989.25,1.4,22575.1796875
284,1775607253.5937464,0.6048448905348778,211.62450407212128,100.0,24989.25,1.3,22581.52734375
285,1775607254.490558,0.6012140084058046,212.9025575092774,100.0,24989.25,1.3,22537.91796875
286,1775607255.3968785,0.6011224631220102,212.93498056155616,100.0,24989.25,1.4,22549.328125
287,1775607256.2814295,0.6013110000640154,212.868216258098,100.0,24989.25,1.3,22572.21484375
288,1775607257.158613,0.6015237122774124,212.7929413046457,100.0,24989.25,1.3,22617.47265625
289,1775607258.0302036,0.6012527067214251,212.88885450174863,100.0,24989.25,1.3,22566.58203125
290,1775607258.90682,0.6014391407370567,212.82286324620887,100.0,24989.25,1.3,22642.4609375
291,1775607259.7919743,0.6014092396944761,212.83344443631378,100.0,24989.25,1.3,22597.0859375
292,1775607260.6834571,0.6013778690248728,212.84454681970675,100.0,24989.25,1.3,22609.11328125
293,1775607261.561425,0.6012385673820972,212.89386101316725,100.0,24989.25,1.4,22611.03125
294,1775607262.4504626,0.6011868771165609,212.91216570447986,100.0,24989.25,1.3,22571.79296875
295,1775607263.3333302,0.6010805554687977,212.94982650065865,100.0,24989.25,1.4,22586.62890625
296,1775607264.2320955,0.6013822611421347,212.84299233719437,100.0,24989.25,1.3,22605.578125
297,1775607265.1273391,0.6070645432919264,210.85072652389633,97.0,24989.25,1.3,22603.09375
298,1775607266.0351348,0.6011871565133333,212.91206675530697,100.0,24989.25,1.4,22609.40234375
299,1775607266.912809,0.6015342641621828,212.78920857198128,100.0,24989.25,1.3,22666.65234375
300,1775607267.7819479,0.6013980321586132,212.83741075867235,100.0,24989.25,1.4,22683.046875
301,1775607268.6655107,0.6010987479239702,212.9433815027511,100.0,24989.25,1.3,22686.890625
302,1775607269.5319984,0.6015450954437256,212.78537713881897,100.0,24989.25,1.3,22690.734375
303,1775607270.4216785,0.604162035509944,211.86369297759896,100.0,24989.25,1.3,22638.9609375
304,1775607271.3133848,0.6010176241397858,212.9721240424549,100.0,24989.25,1.3,22670.8828125
305,1775607272.2010295,0.6011613998562098,212.92118893630894,100.0,24989.25,1.3,22692.10546875
306,1775607273.0858896,0.6018329989165068,212.68358536411466,100.0,24989.25,1.3,22704.90234375
307,1775607273.9588416,0.6011039651930332,212.9415332652068,100.0,24989.25,1.3,22708.65234375
308,1775607274.8266773,0.6007577627897263,213.06424640375695,100.0,24989.25,1.3,22626.609375
309,1775607275.7301655,0.6010274644941092,212.9686371449579,100.0,24989.25,1.3,22637.8046875
310,1775607276.6259425,0.6009876541793346,212.98274450377448,100.0,24989.25,1.4,22702.33203125
311,1775607277.494258,0.601099805906415,212.94300670582527,100.0,24989.25,1.3,22654.4921875
312,1775607278.3729773,0.6007566228508949,213.06465069427793,100.0,24989.25,1.3,22673.61328125
313,1775607279.2505534,0.6008107215166092,213.04546576148522,100.0,24989.25,1.3,22677.3046875
314,1775607280.1493912,0.6010310091078281,212.9673811506057,100.0,24989.25,1.3,22682.078125
315,1775607281.0370927,0.601361732929945,212.85025799091082,100.0,24989.25,1.4,22687.0
316,1775607281.9336011,0.6011514570564032,212.92471056589383,100.0,24989.25,1.3,22751.80078125
317,1775607282.8199534,0.6014760229736567,212.80981304487696,100.0,24989.25,1.3,22756.13671875
318,1775607283.7066276,0.6017544083297253,212.71136235675684,100.0,24989.25,1.3,22760.2265625
319,1775607284.572137,0.6009775251150131,212.9863341819709,100.0,24989.25,1.3,22694.0078125
320,1775607285.4504466,0.6009842231869698,212.98396041284838,100.0,24989.25,1.3,22706.73046875
321,1775607286.3305557,0.6036028582602739,212.05996334895804,100.0,24989.25,1.3,22710.1015625
322,1775607287.2288122,0.6010566651821136,212.95829064838236,100.0,24989.25,1.3,22754.890625
323,1775607288.1007874,0.600877471268177,213.02179915291325,100.0,24989.25,1.3,22778.08203125
324,1775607288.9933946,0.6011732183396816,212.91700311186517,100.0,24989.25,1.3,22783.00390625
325,1775607289.8637917,0.6015410013496876,212.7868253582121,100.0,24989.25,1.3,22786.26171875
326,1775607290.7554042,0.6010008361190557,212.97807308648026,100.0,24989.25,1.3,22709.38671875
327,1775607291.6341069,0.600714260712266,213.07967593149962,100.0,24989.25,1.4,22755.00390625
328,1775607292.508784,0.6007421277463436,213.06979165950304,100.0,24989.25,1.3,22748.26953125
329,1775607293.3822954,0.6009843554347754,212.98391354530327,100.0,24989.25,1.3,22723.296875
330,1775607294.2859004,0.6013013403862715,212.87163590517486,100.0,24989.25,1.3,22805.15234375
331,1775607295.1712477,0.6011238284409046,212.93449692717255,100.0,24989.25,1.3,22810.56640625
332,1775607296.0349398,0.6010015234351158,212.97782952095775,100.0,24989.25,1.3,22815.30078125
333,1775607296.9039319,0.6010452471673489,212.96233620222105,100.0,24989.25,1.3,22818.8984375
334,1775607297.7889695,0.601363880559802,212.84949784620656,100.0,24989.25,1.3,22823.46484375
335,1775607298.6550725,0.6011314056813717,212.9318128952426,100.0,24989.25,1.3,22827.5546875
336,1775607299.5417936,0.6031215097755194,212.22920742395897,100.0,24989.25,1.3,22802.11328125
337,1775607300.4166932,0.6048338375985622,211.62837136925467,100.0,24989.25,1.3,22752.91796875
338,1775607301.3174562,0.6010197661817074,212.97136500715607,100.0,24989.25,1.3,22813.85546875
339,1775607302.190319,0.601182708516717,212.91364203706257,100.0,24989.25,1.3,22840.92578125
340,1775607303.0586967,0.6009247153997421,213.00505158096703,100.0,24989.25,1.3,22845.4140625
341,1775607303.9292595,0.6009812727570534,212.98500602654218,100.0,24989.25,1.3,22831.4375
342,1775607304.817984,0.6007746700197458,213.05825026842925,100.0,24989.25,1.3,22840.203125
343,1775607305.685736,0.6012624800205231,212.88539407220443,100.0,24989.25,1.3,22844.78515625
344,1775607306.5698702,0.6009551640599966,212.9942592309949,100.0,24989.25,1.3,22849.3671875
345,1775607307.4401743,0.6010189447551966,212.97165608005284,100.0,24989.25,1.3,22870.9296875
346,1775607308.3074398,0.600977124646306,212.98647610810815,100.0,24989.25,1.3,22874.7734375
347,1775607309.1920686,0.6011701971292496,212.91807313675005,100.0,24989.25,1.3,22842.0234375
348,1775607310.0720203,0.6011316236108541,212.93173570063502,100.0,24989.25,1.3,22879.53125
349,1775607310.9390519,0.6007993817329407,213.04948688661742,100.0,24989.25,1.3,22883.83203125
350,1775607311.8037705,0.6009068321436644,213.01139070656774,100.0,24989.25,1.3,22887.921875
351,1775607312.6729872,0.6048868913203478,211.60980976228706,100.0,24989.25,1.3,22830.8203125
352,1775607313.5550716,0.6035408675670624,212.0817443829142,100.0,24989.25,1.3,22891.01953125
353,1775607314.4247913,0.6020701248198748,212.59981972746877,100.0,24989.25,1.3,22897.81640625
354,1775607315.2947063,0.6045507937669754,211.72745337480725,100.0,24989.25,1.3,22901.16796875
355,1775607316.17104,0.6011275257915258,212.93318723253918,100.0,24989.25,1.3,22905.59765625
356,1775607317.0398307,0.6013639606535435,212.8494694974631,100.0,24989.25,1.3,22911.5625
357,1775607317.9234772,0.6009646840393543,212.99088515427286,100.0,24989.25,1.3,22883.4140625
358,1775607318.7964103,0.6012345999479294,212.89526585975855,100.0,24989.25,1.3,22921.75390625
359,1775607319.681573,0.6012579798698425,212.88698742544562,100.0,24989.25,1.3,22926.08984375
360,1775607320.5496519,0.6010661963373423,212.95491375156507,100.0,24989.25,1.3,22929.93359375
361,1775607321.4178994,0.6043080911040306,211.8124875113827,100.0,24989.25,1.3,22869.30078125
362,1775607322.3050258,0.6016132850199938,212.76125907981918,100.0,24989.25,1.3,22913.40234375
363,1775607323.1954565,0.6017591189593077,212.7096972312864,100.0,24989.25,1.3,22917.33984375
364,1775607324.082434,0.6012799702584743,212.87920158886413,100.0,24989.25,1.3,22864.81640625
365,1775607324.9672015,0.6011765673756599,212.9158169932729,100.0,24989.25,1.3,22870.0546875
366,1775607325.8624003,0.6011818591505289,212.91394284728457,100.0,24989.25,1.3,22874.80078125
367,1775607326.742711,0.6010279934853315,212.96844970187553,100.0,24989.25,1.3,22896.13671875
368,1775607327.6199987,0.601515443995595,212.7958663035381,100.0,24989.25,1.3,22950.4296875
369,1775607328.4879441,0.601244430989027,212.89178477619205,100.0,24989.25,1.3,22961.65625
370,1775607329.3523235,0.6011649686843157,212.91992492532526,100.0,24989.25,1.3,22967.31640625
371,1775607330.2358835,0.6014534905552864,212.8177855977279,100.0,24989.25,1.3,22971.3125
372,1775607331.148756,0.6011634152382612,212.9204751245039,100.0,24989.25,1.3,22976.234375
373,1775607332.0206811,0.601050604134798,212.96043813857202,100.0,24989.25,1.3,22980.4765625
374,1775607332.883587,0.6013195384293795,212.8651936611447,100.0,24989.25,1.3,22984.56640625
375,1775607333.7482421,0.601229889318347,212.89693389182935,100.0,24989.25,1.3,22919.2578125
376,1775607334.6246743,0.600999042391777,212.97870873571182,100.0,24989.25,1.3,22980.66796875
377,1775607335.5073988,0.6009527649730444,212.9951095336776,100.0,24989.25,1.3,22987.95703125
378,1775607336.3957102,0.6010003853589296,212.97823282352107,100.0,24989.25,1.3,22993.03125
379,1775607337.2683141,0.6009935848414898,212.9806427696888,100.0,24989.25,1.3,23003.48046875
380,1775607338.1552174,0.6009729038923979,212.98797195508496,100.0,24989.25,1.3,23007.91015625
381,1775607339.0253115,0.6014332827180624,212.82493616171115,100.0,24989.25,1.3,23011.16796875
382,1775607339.9077523,0.6008288320153952,213.0390440329605,100.0,24989.25,1.3,23016.21875
383,1775607340.7753997,0.6007456593215466,213.06853909615774,100.0,24989.25,1.3,23021.78515625
384,1775607341.6572526,0.6008218210190535,213.04152998787444,100.0,24989.25,1.3,23025.13671875
385,1775607342.5268989,0.6008831914514303,213.0197712650551,100.0,24989.25,1.3,23029.2265625
386,1775607343.41685,0.6009502150118351,212.99601331780732,100.0,24989.25,1.3,23033.80859375
387,1775607344.2818553,0.6012685392051935,212.88324875470948,100.0,24989.25,1.3,22950.78125
388,1775607345.1822367,0.6009551044553518,212.99428035644516,100.0,24989.25,1.3,22983.48828125
389,1775607346.0605407,0.6011446863412857,212.92710874488378,100.0,24989.25,1.3,22986.43359375
390,1775607346.9584563,0.6010715663433075,212.9530112008187,100.0,24989.25,1.3,22986.28515625
391,1775607347.8415701,0.6009835638105869,212.98419409077547,100.0,24989.25,1.3,22969.23046875
392,1775607348.728348,0.600926224142313,213.004516790212,100.0,24989.25,1.3,22981.73046875
393,1775607349.6316192,0.6009788755327463,212.98585559522797,100.0,24989.25,1.3,22984.26171875
394,1775607350.5367937,0.600972255691886,212.98820168101847,100.0,24989.25,1.3,22987.28515625
395,1775607351.4181912,0.6010462138801813,212.96199367710653,100.0,24989.25,1.4,22994.24609375
396,1775607352.3113325,0.6009685546159744,212.9895133727811,100.0,24989.25,1.3,23032.6640625
397,1775607353.1977296,0.61487334407866,208.17295339383767,100.0,24989.25,1.3,22994.51953125
398,1775607354.1005204,0.6009626649320126,212.99160075856085,100.0,24989.25,1.3,22995.4453125
399,1775607354.9837055,0.6014055591076612,212.83474697161213,100.0,24989.25,1.3,23026.77734375
400,1775607355.8827775,0.6009627934545279,212.99155520796012,100.0,24989.25,1.3,23088.453125
401,1775607356.747099,0.600735230371356,213.07223803217659,100.0,24989.25,1.3,23092.296875
402,1775607357.6355393,0.6009086035192013,213.0107627855089,100.0,24989.25,1.3,23012.46875
403,1775607358.5392928,0.6010193135589361,212.97152539416405,100.0,24989.25,1.3,23103.32421875
404,1775607359.4211192,0.6010460462421179,212.9620530744463,100.0,24989.25,1.4,23024.96875
405,1775607360.3218887,0.6010308861732483,212.96742471085548,100.0,24989.25,1.3,23056.11328125
406,1775607361.2014525,0.6021055914461613,212.58729667758854,100.0,24989.25,1.3,23032.46484375
407,1775607362.0828173,0.6011720765382051,212.91740750348285,100.0,24989.25,1.3,23043.85546875
408,1775607362.9849994,0.6018767785280943,212.66811508001257,100.0,24989.25,1.3,23048.10546875
409,1775607363.8924146,0.6013335715979338,212.86022608028262,100.0,24989.25,1.3,23052.60546875
410,1775607364.7745323,0.6007075496017933,213.0820564596711,100.0,24989.25,1.3,23056.6015625
411,1775607365.656204,0.6011830680072308,212.91351472071145,100.0,24989.25,1.3,23076.703125
412,1775607366.5516808,0.6010495536029339,212.96081035701013,100.0,24989.25,1.4,23106.77734375
413,1775607367.4437456,0.6010504867881536,212.96047971609894,100.0,24989.25,1.4,23147.98828125
414,1775607368.3298895,0.6010415833443403,212.96363437580663,100.0,24989.25,1.4,23153.0546875
415,1775607369.2036092,0.6016353461891413,212.7534574070047,100.0,24989.25,1.3,23137.58203125
416,1775607370.0745072,0.6009967271238565,212.97952921068253,100.0,24989.25,1.3,23140.390625
417,1775607370.9664624,0.6013201326131821,212.86498332218653,100.0,24989.25,1.4,23158.98046875
418,1775607371.841324,0.6046713553369045,211.68523838653195,100.0,24989.25,1.3,23081.5078125
419,1775607372.7498362,0.6007389687001705,213.07091210839187,100.0,24989.25,1.4,23093.14453125
420,1775607373.6320446,0.6008370313793421,213.03613678096752,100.0,24989.25,1.3,23097.39453125
421,1775607374.5313256,0.6008630823343992,213.02690040917503,100.0,24989.25,1.3,23099.43359375
422,1775607375.4360228,0.6007455121725798,213.0685912860031,100.0,24989.25,1.3,23097.03125
423,1775607376.3190956,0.6008742339909077,213.02294683172732,100.0,24989.25,1.3,23115.16796875
424,1775607377.1964724,0.6012982092797756,212.8727443797249,100.0,24989.25,1.3,23131.41015625
425,1775607378.0862796,0.6007968820631504,213.05037329828517,100.0,24989.25,1.3,23115.78125
426,1775607378.9674344,0.6009430922567844,212.99853788036438,100.0,24989.25,1.3,23143.06640625
427,1775607379.8600273,0.601194228976965,212.9095620525399,100.0,24989.25,1.3,23143.73046875
428,1775607380.737371,0.6010383367538452,212.9647847279038,100.0,24989.25,1.3,23184.38671875
429,1775607381.6068406,0.6007799301296473,213.05638484357794,100.0,24989.25,1.3,23173.015625
430,1775607382.498519,0.6005651280283928,213.13258800126098,100.0,24989.25,1.3,23176.390625
431,1775607383.372402,0.6008202116936445,213.0421006297082,100.0,24989.25,1.3,23187.0234375
432,1775607384.2448883,0.6009109821170568,213.0099196207829,100.0,24989.25,1.3,23223.10546875
433,1775607385.1340327,0.6033249944448471,212.15762844000838,100.0,24989.25,1.3,23227.2890625
434,1775607386.0014834,0.6009239833801985,213.00531105448607,100.0,24989.25,1.3,23231.53125
435,1775607386.8845463,0.6009647250175476,212.9908706309884,100.0,24989.25,1.3,23235.375
436,1775607387.7547135,0.6015474144369364,212.7845568413111,100.0,24989.25,1.3,23239.18359375
437,1775607388.6226668,0.6009245421737432,213.0051129830404,100.0,24989.25,1.3,23243.51953125
438,1775607389.5053997,0.6009139902889729,213.00885329437284,100.0,24989.25,1.3,23247.1171875
439,1775607390.3704293,0.6007901895791292,213.05274656643059,100.0,24989.25,1.3,23251.69921875
440,1775607391.2386303,0.6008759047836065,213.0223545011289,100.0,24989.25,1.3,23255.05078125
441,1775607392.1077416,0.6010060664266348,212.97621962627068,100.0,24989.25,1.3,23250.07421875
442,1775607392.9978192,0.6012260671705008,212.89828733207716,100.0,24989.25,1.3,23255.65234375
443,1775607393.882455,0.601571574807167,212.77601096931852,100.0,24989.25,1.3,23234.296875
444,1775607394.772602,0.6010990347713232,212.94327988514436,100.0,24989.25,1.0,20663.23828125
445,1775607395.6415825,0.6011300161480904,212.9323050946549,100.0,24989.25,0.8,20576.765625
446,1775607396.5419812,0.6010135933756828,212.97355236354778,100.0,24989.25,0.8,20585.9921875
447,1775607397.426456,0.6013010200113058,212.87174932381342,100.0,24989.25,0.8,20585.5703125
448,1775607398.3129807,0.6012185867875814,212.90093622009744,100.0,24989.25,0.8,20603.4609375
449,1775607399.210905,0.6009988449513912,212.97877870356413,100.0,24989.25,0.8,20605.1796875
450,1775607400.1096802,0.601128539070487,212.93282830644478,100.0,24989.25,0.8,20639.46484375
451,1775607400.9812944,0.6013118401169777,212.86791887400588,100.0,24989.25,0.8,20592.51171875
452,1775607401.8814096,0.6011651158332825,212.9198728082843,100.0,24989.25,0.8,20602.51953125
453,1775607402.766766,0.6031027175486088,212.23582032638325,100.0,24989.25,0.8,20575.97265625
454,1775607403.6733146,0.6012371480464935,212.89436358995866,100.0,24989.25,0.8,20604.82421875
455,1775607404.569979,0.6010165549814701,212.97250290209786,100.0,24989.25,0.8,20659.359375
456,1775607405.461996,0.6007459592074156,213.0684327346533,100.0,24989.25,0.8,20664.92578125
457,1775607406.3475068,0.6009133011102676,213.00909759112153,100.0,24989.25,0.8,20664.83203125
458,1775607407.222778,0.6010337956249714,212.96639378972375,100.0,24989.25,0.8,20632.1015625
459,1775607408.0948787,0.600937444716692,213.0005396158077,100.0,24989.25,0.9,20576.33984375
460,1775607408.9846623,0.601201917976141,212.9068390714611,100.0,24989.25,0.9,20585.17578125
461,1775607409.8831682,0.6007274594157934,213.07499431519213,100.0,24989.25,0.8,20578.35546875
462,1775607410.784683,0.6013436410576105,212.85666174981174,100.0,24989.25,0.8,20579.78125
463,1775607411.692395,0.601270092651248,212.88269874790407,100.0,24989.25,0.8,20579.078125
464,1775607412.5887687,0.6017535552382469,212.71166391251666,100.0,24989.25,0.8,20664.76953125
465,1775607413.4766455,0.6009279154241085,213.00391729957033,100.0,24989.25,0.8,20665.4140625
466,1775607414.3435557,0.6009849924594164,212.98368778924817,100.0,24989.25,0.8,20664.515625
467,1775607415.2376344,0.6071318574249744,210.82734900930058,100.0,24989.25,0.8,20575.18359375
468,1775607416.1189513,0.6009746938943863,212.98733757081357,100.0,24989.25,0.8,20623.40234375
469,1775607416.998494,0.6012192200869322,212.9007119590955,100.0,24989.25,0.8,20623.10546875
470,1775607417.8710442,0.6010711472481489,212.95315968170388,100.0,24989.25,0.8,20610.4609375
471,1775607418.7697725,0.6013622228056192,212.8500846009643,100.0,24989.25,0.8,20575.921875
472,1775607419.6759284,0.601097097620368,212.94396613580113,100.0,24989.25,0.8,20575.93359375
473,1775607420.5623822,0.6015121843665838,212.797019456537,100.0,24989.25,0.8,20601.69921875
474,1775607421.4363658,0.6009604837745428,212.99237380143728,100.0,24989.25,0.9,20651.4453125
475,1775607422.3139765,0.6014233119785786,212.82846449516924,100.0,24989.25,0.8,20662.1796875
476,1775607423.1849523,0.6011215168982744,212.93531574192673,100.0,24989.25,0.8,20662.1796875
477,1775607424.052043,0.6011835969984531,212.91332737464782,100.0,24989.25,0.8,20661.74609375
478,1775607424.9222534,0.601098982617259,212.94329836106564,100.0,24989.25,0.8,20664.11328125
479,1775607425.8143165,0.6010257136076689,212.96925755751354,100.0,24989.25,0.8,20605.94140625
480,1775607426.7212946,0.6011928878724575,212.9100369982339,100.0,24989.25,0.8,20580.796875
481,1775607427.5986967,0.6010363455861807,212.96549025693903,100.0,24989.25,0.8,20623.015625
482,1775607428.489006,0.6015589535236359,212.78047521400703,100.0,24989.25,0.8,20628.97265625
483,1775607429.4038205,0.6012684274464846,212.88328832365397,100.0,24989.25,0.8,20620.38671875
484,1775607430.2948124,0.6012512668967247,212.88936430962434,100.0,24989.25,0.8,20626.5390625
485,1775607431.1925416,0.6011743154376745,212.91661455431912,100.0,24989.25,0.8,20627.76953125
486,1775607432.0662055,0.6011667810380459,212.91928302987736,100.0,24989.25,0.8,20665.9140625
487,1775607432.9496033,0.6012939307838678,212.8742590718232,100.0,24989.25,0.8,20666.21875
488,1775607433.820262,0.6015985254198313,212.7664789581623,100.0,24989.25,0.8,20666.125
489,1775607434.7075362,0.6014147009700537,212.83151175643363,100.0,24989.25,0.8,20666.03125
490,1775607435.5757446,0.6011615078896284,212.92115067270814,100.0,24989.25,0.8,20666.4296875
491,1775607436.462904,0.6014429442584515,212.82151735576096,100.0,24989.25,0.8,20665.84375
492,1775607437.3305488,0.6013494823127985,212.85459414999445,100.0,24989.25,0.8,20575.7734375
493,1775607438.2382734,0.6013616230338812,212.85029688831403,100.0,24989.25,0.8,20584.73828125
494,1775607439.142723,0.6012916713953018,212.87505895928186,100.0,24989.25,0.8,20586.953125
495,1775607440.026845,0.6013508513569832,212.85410956209765,100.0,24989.25,0.8,20604.421875
496,1775607440.9119685,0.6012143548578024,212.90243482339042,100.0,24989.25,0.8,20602.37890625
497,1775607441.8071077,0.6011672373861074,212.91912140213714,100.0,24989.25,0.8,20666.26953125
498,1775607442.6804116,0.6013810280710459,212.8434287502637,100.0,24989.25,0.8,20666.66796875
499,1775607443.5557036,0.6014084313064814,212.83373051810514,100.0,24989.25,0.8,20666.328125
500,1775607444.4284525,0.6015260051935911,212.79213017366612,100.0,24989.25,0.8,20576.90234375
501,1775607445.3448606,0.601484302431345,212.8068837085075,100.0,24989.25,0.8,20584.73046875
502,1775607446.2546227,0.6014164499938488,212.8308928053251,100.0,24989.25,0.8,20586.20703125
503,1775607447.140849,0.6014680247753859,212.81264294606638,100.0,24989.25,0.8,20603.921875
504,1775607448.021359,0.6014533918350935,212.81782052880175,100.0,24989.25,0.8,20602.6171875
505,1775607448.8985615,0.6013820897787809,212.84305298663773,100.0,24989.25,0.8,20604.01953125
506,1775607449.7775815,0.6015220917761326,212.79351456910004,100.0,24989.25,0.8,20654.375
507,1775607450.6711524,0.6012735981494188,212.88145761589135,100.0,24989.25,0.8,20660.43359375
508,1775607451.5661952,0.6012365575879812,212.8945726678792,100.0,24989.25,0.8,20662.80078125
509,1775607452.4537473,0.6014089602977037,212.83354331242197,100.0,24989.25,0.8,20666.64453125
510,1775607453.3357992,0.6016721464693546,212.74044469419277,100.0,24989.25,0.8,20666.3046875
511,1775607454.2052326,0.6012032385915518,212.9063713959153,100.0,24989.25,0.8,20576.7265625
512,1775607455.1175761,0.6014653518795967,212.81358867970744,100.0,24989.25,0.8,20593.66796875
513,1775607456.020003,0.601445322856307,212.8206756885544,100.0,24989.25,0.8,20585.86328125
514,1775607456.9029958,0.6015098337084055,212.79785105234154,100.0,24989.25,0.8,20584.94921875
515,1775607457.8075929,0.6013034209609032,212.87089934637604,100.0,24989.25,0.8,20584.28125
516,1775607458.693702,0.6012837588787079,212.8778602613486,100.0,24989.25,0.8,20586.3203125
517,1775607459.575193,0.6014659106731415,212.81339096466246,100.0,24989.25,0.8,20604.703125
518,1775607460.45514,0.6015345249325037,212.78911632605374,100.0,24989.25,0.8,20646.19921875
519,1775607461.3470342,0.6024075169116259,212.48074834162105,100.0,24989.25,0.8,20645.09765625
520,1775607462.2180085,0.6015438549220562,212.78581595116674,100.0,24989.25,0.8,20661.5859375
521,1775607463.110011,0.6012503579258919,212.88968615595712,100.0,24989.25,0.8,20577.7265625
522,1775607464.0251265,0.6013729497790337,212.8462878934476,100.0,24989.25,0.8,20585.64453125
523,1775607464.91358,0.6013074684888124,212.86946646727287,100.0,24989.25,0.8,20583.0078125
524,1775607465.7983675,0.6016017440706491,212.7653406286806,100.0,24989.25,0.8,20584.5546875
525,1775607466.6803634,0.6013892516493797,212.8405182649094,100.0,24989.25,0.8,20623.140625
526,1775607467.580343,0.6016413830220699,212.75132265179403,100.0,24989.25,0.8,20620.4609375
527,1775607468.4741232,0.6014416646212339,212.82197015833572,100.0,24989.25,0.8,20624.1796875
528,1775607469.3671942,0.6017603576183319,212.70925939123484,100.0,24989.25,0.8,20625.359375
529,1775607470.2431924,0.6015018615871668,212.80067140981052,100.0,24989.25,0.8,20621.66796875
530,1775607471.116813,0.601370831951499,212.847037467097,100.0,24989.25,0.8,20666.8828125
531,1775607472.0046525,0.6013889126479626,212.8406382425741,100.0,24989.25,0.8,20666.390625
532,1775607472.871138,0.6013962123543024,212.83805479737703,100.0,24989.25,0.8,20665.859375
533,1775607473.7575574,0.601521672680974,212.79366282765127,100.0,24989.25,0.8,20666.2578125
534,1775607474.649547,0.6017333958297968,212.71879022683564,100.0,24989.25,0.8,20667.8828125
535,1775607475.5199625,0.601483603939414,212.8071308372574,100.0,24989.25,0.8,20668.01171875
536,1775607476.4066682,0.601446121931076,212.82039293732186,100.0,24989.25,0.8,20578.33984375
537,1775607477.30309,0.6016003135591745,212.76584655139092,100.0,24989.25,0.8,20586.4140625
538,1775607478.2098289,0.6015529036521912,212.78261516630909,100.0,24989.25,0.8,20585.67578125
539,1775607479.1184285,0.6013395078480244,212.85812478555667,100.0,24989.25,0.8,20583.109375
540,1775607480.0050628,0.601432191208005,212.82532240734562,100.0,24989.25,0.8,20596.5703125
541,1775607480.8878827,0.6014978419989347,212.80209347821182,100.0,24989.25,0.8,20597.7265625
542,1775607481.7649987,0.6014680732041597,212.81262581090024,100.0,24989.25,0.8,20596.69140625
543,1775607482.6542344,0.6013849414885044,212.8420437052908,100.0,24989.25,0.8,20579.6015625
544,1775607483.5613754,0.6015692744404078,212.77682461270692,100.0,24989.25,0.8,20621.93359375
545,1775607484.4591758,0.6015411540865898,212.7867713296551,99.0,24989.25,0.8,20628.7734375
546,1775607485.3531096,0.6016238126903772,212.75753602172423,100.0,24989.25,0.8,20577.07421875
547,1775607486.258893,0.6014885045588017,212.80539699406125,99.0,24989.25,0.8,20586.7421875
548,1775607487.162678,0.601634256541729,212.75384273455512,100.0,24989.25,0.8,20607.4140625
549,1775607488.0378551,0.6016609352082014,212.74440886827117,100.0,24989.25,0.8,20624.34765625
