step,epoch,step_time_sec,io_time_sec,samples_per_sec,loss,gpu_utilization,gpu_memory_used_mb,gpu_memory_percent,system_memory_used_mb,system_memory_percent,forward_gpu_mem_mb,backward_gpu_mem_mb,optim_gpu_mem_mb,forward_time_ms,backward_time_ms,optim_time_ms
50,0,0.0364,0.0012,27.29,0.000000,46.00,488.59,1.51,14517.90,2.80,932.39,491.59,491.59,16.70,17.53,0.92
100,0,0.0315,0.0012,30.98,0.000000,52.00,488.59,1.51,14553.41,2.80,932.39,491.59,491.59,11.52,17.95,0.91
150,0,0.0343,0.0012,24.99,0.000000,50.00,488.59,1.51,14558.00,2.80,932.39,491.59,491.59,12.23,19.94,0.93
200,0,0.0328,0.0014,30.48,0.000000,51.00,488.59,1.51,14565.92,2.80,932.39,491.59,491.59,18.15,11.97,1.25
250,0,0.0327,0.0014,30.61,0.000000,51.00,488.59,1.51,14561.80,2.80,932.39,491.59,491.59,18.09,11.95,1.27
300,0,0.0326,0.0014,30.83,0.000000,51.00,488.59,1.51,14569.93,2.80,932.39,491.59,491.59,18.21,11.69,1.26
350,0,0.0325,0.0014,30.66,0.000000,49.00,488.59,1.51,14572.54,2.80,932.39,491.59,491.59,18.11,11.76,1.25
400,0,0.0390,0.0015,25.31,0.000000,48.00,488.59,1.51,14567.93,2.80,932.39,491.59,491.59,18.40,17.85,1.29
450,0,0.0404,0.0015,24.65,0.000000,43.00,488.59,1.51,14573.78,2.80,932.39,491.59,491.59,19.71,17.97,1.29
500,0,0.0391,0.0015,25.73,0.000000,43.00,488.59,1.51,14573.54,2.80,932.39,491.59,491.59,18.50,17.84,1.26
550,0,0.0389,0.0015,25.69,0.000000,43.00,488.59,1.51,14569.08,2.80,932.39,491.59,491.59,18.38,17.82,1.27
600,0,0.0326,0.0014,30.66,0.000000,51.00,488.59,1.51,14567.11,2.80,932.39,491.59,491.59,18.23,11.72,1.25
650,0,0.0327,0.0014,30.88,0.000000,51.00,488.59,1.51,14568.48,2.80,932.39,491.59,491.59,18.18,11.82,1.26
700,0,0.0328,0.0014,30.61,0.000000,50.00,488.59,1.51,14563.64,2.80,932.39,491.59,491.59,18.25,11.80,1.27
750,0,0.0325,0.0014,30.55,0.000000,51.00,488.59,1.51,14563.75,2.80,932.39,491.59,491.59,18.14,11.72,1.24
800,0,0.0255,0.0011,39.24,0.000000,64.00,488.59,1.51,14564.04,2.80,932.39,491.59,491.59,11.93,11.53,0.87
850,0,0.0255,0.0012,39.29,0.000000,64.00,488.59,1.51,14572.32,2.80,932.39,491.59,491.59,11.92,11.57,0.87
900,0,0.0255,0.0012,39.29,0.000000,64.00,488.59,1.51,14575.05,2.80,932.39,491.59,491.59,11.95,11.54,0.87
950,0,0.0258,0.0012,38.69,0.000000,63.00,488.59,1.51,14582.10,2.80,932.39,491.59,491.59,12.37,11.40,0.88
1000,0,0.0258,0.0012,38.87,0.000000,65.00,488.59,1.51,14584.21,2.80,932.39,491.59,491.59,12.27,11.45,0.87
1050,0,0.0259,0.0011,38.46,0.000000,63.00,488.59,1.51,14586.77,2.80,932.39,491.59,491.59,12.21,11.69,0.88
1100,0,0.0257,0.0012,38.80,0.000000,62.00,488.59,1.51,14588.93,2.80,932.39,491.59,491.59,11.97,11.65,0.88
1150,0,0.0256,0.0012,39.10,0.000000,63.00,488.59,1.51,14589.26,2.80,932.39,491.59,491.59,11.86,11.70,0.87
1200,0,0.0257,0.0011,39.01,0.000000,64.00,488.59,1.51,14591.78,2.80,932.39,491.59,491.59,11.96,11.72,0.88
1250,0,0.0258,0.0012,38.78,0.000000,64.00,488.59,1.51,14589.20,2.80,932.39,491.59,491.59,12.06,11.75,0.87
1300,0,0.0259,0.0012,38.72,0.000000,65.00,488.59,1.51,14591.46,2.80,932.39,491.59,491.59,12.08,11.76,0.87
1350,0,0.0255,0.0012,39.20,0.000000,65.00,488.59,1.51,14595.78,2.80,932.39,491.59,491.59,11.87,11.64,0.86
1400,0,0.0254,0.0011,39.30,0.000000,65.00,488.59,1.51,14590.14,2.80,932.39,491.59,491.59,11.88,11.54,0.87
1450,0,0.0256,0.0009,38.91,0.000000,65.00,488.59,1.51,14595.36,2.80,932.39,491.59,491.59,11.99,11.85,0.87
1500,0,0.0262,0.0012,37.63,0.000000,65.00,488.59,1.51,14604.90,2.80,932.39,491.59,491.59,12.60,11.58,0.86
1550,0,0.0257,0.0012,38.28,0.000000,63.00,488.59,1.51,14612.81,2.80,932.39,491.59,491.59,12.00,11.62,0.87
1600,0,0.0256,0.0010,38.54,0.000000,66.00,488.59,1.51,14611.31,2.80,932.39,491.59,491.59,11.90,11.84,0.87
1650,0,0.0257,0.0010,39.02,0.000000,64.00,488.59,1.51,14612.71,2.80,932.39,491.59,491.59,12.02,11.83,0.88
1700,0,0.0255,0.0009,38.96,0.000000,64.00,488.59,1.51,14614.79,2.80,932.39,491.59,491.59,11.96,11.80,0.85
1750,0,0.0257,0.0010,38.78,0.000000,65.00,488.59,1.51,14622.37,2.80,932.39,491.59,491.59,12.06,11.83,0.87
1800,0,0.0256,0.0009,38.94,0.000000,64.00,488.59,1.51,14620.16,2.80,932.39,491.59,491.59,11.98,11.87,0.85
1850,0,0.0257,0.0009,39.06,0.000000,63.00,488.59,1.51,14625.04,2.80,932.39,491.59,491.59,12.02,11.84,0.87
1900,0,0.0255,0.0009,38.76,0.000000,64.00,488.59,1.51,14635.04,2.80,932.39,491.59,491.59,11.94,11.75,0.88
1950,0,0.0256,0.0009,39.05,0.000000,65.00,488.59,1.51,14634.80,2.80,932.39,491.59,491.59,12.02,11.75,0.85
2000,0,0.0256,0.0009,38.67,0.000000,65.00,488.59,1.51,14638.99,2.80,932.39,491.59,491.59,11.92,11.85,0.87
2050,0,0.0257,0.0012,38.55,0.000000,64.00,488.59,1.51,14639.91,2.80,932.39,491.59,491.59,11.99,11.67,0.87
2100,0,0.0259,0.0011,38.39,0.000000,65.00,488.59,1.51,14644.78,2.80,932.39,491.59,491.59,12.31,11.57,0.86
2150,0,0.0256,0.0011,38.64,0.000000,63.00,488.59,1.51,14651.57,2.80,932.39,491.59,491.59,11.97,11.61,0.86
2200,0,0.0255,0.0011,39.32,0.000000,65.00,488.59,1.51,14652.11,2.80,932.39,491.59,491.59,11.89,11.60,0.87
2250,0,0.0256,0.0011,39.19,0.000000,63.00,488.59,1.51,14650.97,2.80,932.39,491.59,491.59,12.04,11.61,0.86
2300,0,0.0256,0.0011,39.07,0.000000,64.00,488.59,1.51,14656.66,2.80,932.39,491.59,491.59,11.96,11.59,0.88
2350,0,0.0255,0.0011,39.46,0.000000,65.00,488.59,1.51,14660.62,2.80,932.39,491.59,491.59,11.98,11.55,0.87
2400,0,0.0256,0.0011,39.05,0.000000,65.00,488.59,1.51,14668.05,2.80,932.39,491.59,491.59,11.99,11.57,0.89
2450,0,0.0255,0.0011,39.23,0.000000,65.00,488.59,1.51,14661.30,2.80,932.39,491.59,491.59,11.84,11.59,0.89
2500,0,0.0255,0.0011,38.92,0.000000,64.00,488.59,1.51,14666.94,2.80,932.39,491.59,491.59,11.89,11.57,0.89
2550,0,0.0256,0.0009,38.89,0.000000,65.00,488.59,1.51,14663.84,2.80,932.39,491.59,491.59,11.99,11.83,0.88
2600,0,0.0255,0.0009,39.27,0.000000,64.00,488.59,1.51,14657.84,2.80,932.39,491.59,491.59,11.84,11.84,0.88
2650,0,0.0257,0.0009,39.22,0.000000,64.00,488.59,1.51,14664.61,2.80,932.39,491.59,491.59,11.98,11.85,0.88
2700,0,0.0254,0.0009,39.22,0.000000,65.00,488.59,1.51,14660.34,2.80,932.39,491.59,491.59,11.78,11.82,0.87
2750,0,0.0257,0.0009,39.09,0.000000,64.00,488.59,1.51,14655.89,2.80,932.39,491.59,491.59,12.08,11.84,0.86
2800,0,0.0255,0.0009,39.41,0.000000,65.00,488.59,1.51,14661.33,2.80,932.39,491.59,491.59,11.88,11.81,0.85
2850,0,0.0256,0.0009,39.05,0.000000,64.00,488.59,1.51,14663.19,2.80,932.39,491.59,491.59,11.97,11.80,0.86
2900,0,0.0257,0.0009,39.01,0.000000,65.00,488.59,1.51,14664.29,2.80,932.39,491.59,491.59,12.04,11.85,0.87
2950,0,0.0254,0.0009,39.19,0.000000,65.00,488.59,1.51,14664.38,2.80,932.39,491.59,491.59,11.87,11.77,0.87
3000,0,0.0257,0.0009,39.00,0.000000,64.00,488.59,1.51,14671.40,2.80,932.39,491.59,491.59,12.07,11.81,0.89
3050,0,0.0256,0.0011,39.13,0.000000,63.00,488.59,1.51,14662.18,2.80,932.39,491.59,491.59,11.88,11.70,0.86
3100,0,0.0255,0.0011,39.00,0.000000,65.00,488.59,1.51,14668.70,2.80,932.39,491.59,491.59,11.96,11.55,0.87
3150,0,0.0258,0.0011,39.31,0.000000,65.00,488.59,1.51,14665.77,2.80,932.39,491.59,491.59,12.20,11.59,0.88
3200,0,0.0256,0.0012,38.58,0.000000,65.00,488.59,1.51,14666.86,2.80,932.39,491.59,491.59,12.01,11.59,0.87
3250,0,0.0255,0.0011,39.15,0.000000,64.00,488.59,1.51,14663.09,2.80,932.39,491.59,491.59,11.90,11.63,0.87
3300,0,0.0255,0.0011,39.07,0.000000,65.00,488.59,1.51,14673.28,2.80,932.39,491.59,491.59,11.95,11.58,0.88
3350,0,0.0254,0.0012,39.26,0.000000,64.00,488.59,1.51,14671.49,2.80,932.39,491.59,491.59,11.76,11.62,0.87
3400,0,0.0255,0.0011,39.07,0.000000,64.00,488.59,1.51,14671.75,2.80,932.39,491.59,491.59,11.92,11.57,0.88
3450,0,0.0255,0.0012,39.04,0.000000,64.00,488.59,1.51,14672.89,2.80,932.39,491.59,491.59,11.91,11.59,0.88
3500,0,0.0258,0.0011,38.63,0.000000,64.00,488.59,1.51,14677.08,2.80,932.39,491.59,491.59,11.97,11.84,0.87
3550,0,0.0257,0.0011,38.83,0.000000,63.00,488.59,1.51,14672.03,2.80,932.39,491.59,491.59,11.93,11.77,0.89
3600,0,0.0258,0.0009,38.70,0.000000,64.00,488.59,1.51,14670.68,2.80,932.39,491.59,491.59,12.04,11.99,0.89
3650,0,0.0258,0.0009,38.90,0.000000,64.00,488.59,1.51,14671.84,2.80,932.39,491.59,491.59,12.03,11.99,0.87
3700,0,0.0257,0.0009,38.65,0.000000,63.00,488.59,1.51,14676.32,2.80,932.39,491.59,491.59,11.96,12.00,0.85
3750,0,0.0257,0.0009,38.59,0.000000,65.00,488.59,1.51,14676.12,2.80,932.39,491.59,491.59,11.94,11.99,0.85
3800,0,0.0257,0.0009,38.73,0.000000,64.00,488.59,1.51,14672.53,2.80,932.39,491.59,491.59,11.88,12.07,0.86
3850,0,0.0258,0.0009,38.54,0.000000,65.00,488.59,1.51,14673.30,2.80,932.39,491.59,491.59,11.91,12.10,0.86
3900,0,0.0270,0.0007,36.86,0.000000,60.00,488.59,1.51,14665.64,2.80,932.39,491.59,491.59,15.19,10.52,0.63
3950,0,0.0271,0.0008,36.90,0.000000,62.00,488.59,1.51,14667.96,2.80,932.39,491.59,491.59,14.24,11.48,0.62
4000,0,0.0270,0.0007,37.23,0.000000,60.00,488.59,1.51,14667.56,2.80,932.39,491.59,491.59,14.48,11.24,0.62
4050,0,0.0269,0.0008,37.66,0.000000,62.00,488.59,1.51,14674.61,2.80,932.39,491.59,491.59,14.11,11.34,0.64
4100,0,0.0258,0.0012,38.82,0.000000,65.00,488.59,1.51,14669.94,2.80,932.39,491.59,491.59,12.33,11.46,0.89
4150,0,0.0330,0.0014,30.17,0.000000,51.00,488.59,1.51,14668.28,2.80,932.39,491.59,491.59,18.34,12.01,1.26
4200,0,0.0334,0.0015,29.81,0.000000,50.00,488.59,1.51,14662.28,2.80,932.39,491.59,491.59,18.53,12.12,1.25
4250,0,0.0341,0.0014,29.74,0.000000,49.00,488.59,1.51,14665.13,2.80,932.39,491.59,491.59,19.38,12.10,1.23
4300,0,0.0333,0.0014,30.04,0.000000,49.00,488.59,1.51,14661.55,2.80,932.39,491.59,491.59,18.58,12.07,1.23
4350,0,0.0332,0.0014,30.25,0.000000,50.00,488.59,1.51,14659.09,2.80,932.39,491.59,491.59,18.35,12.18,1.25
4400,0,0.0333,0.0014,29.78,0.000000,48.00,488.59,1.51,14654.53,2.80,932.39,491.59,491.59,18.53,12.12,1.24
4450,0,0.0334,0.0014,30.00,0.000000,50.00,488.59,1.51,14650.81,2.80,932.39,491.59,491.59,18.60,12.16,1.25
4500,0,0.0340,0.0015,29.98,0.000000,50.00,488.59,1.51,14661.09,2.80,932.39,491.59,491.59,19.10,12.09,1.30
4550,0,0.0336,0.0015,29.35,0.000000,48.00,488.59,1.51,14662.00,2.80,932.39,491.59,491.59,18.76,12.12,1.26
4600,0,0.0333,0.0012,30.17,0.000000,51.00,488.59,1.51,14664.22,2.80,932.39,491.59,491.59,18.52,12.40,1.24
4650,0,0.0336,0.0012,29.94,0.000000,47.00,488.59,1.51,14664.90,2.80,932.39,491.59,491.59,18.73,12.38,1.26
4700,0,0.0341,0.0012,30.03,0.000000,51.00,488.59,1.51,14653.14,2.80,932.39,491.59,491.59,19.19,12.47,1.22
4750,0,0.0334,0.0012,30.09,0.000000,51.00,488.59,1.51,14656.25,2.80,932.39,491.59,491.59,18.52,12.45,1.21
4800,0,0.0334,0.0012,29.65,0.000000,50.00,488.59,1.51,14659.95,2.80,932.39,491.59,491.59,18.51,12.47,1.21
4850,0,0.0333,0.0012,29.69,0.000000,47.00,488.59,1.51,14656.35,2.80,932.39,491.59,491.59,18.46,12.42,1.22
4900,0,0.0333,0.0012,29.94,0.000000,51.00,488.59,1.51,14652.74,2.80,932.39,491.59,491.59,18.43,12.41,1.22
4950,0,0.0335,0.0012,30.13,0.000000,51.00,488.59,1.51,14653.25,2.80,932.39,491.59,491.59,18.54,12.43,1.31
5000,0,0.0333,0.0012,29.72,0.000000,50.00,488.59,1.51,14657.61,2.80,932.39,491.59,491.59,18.41,12.50,1.22
5050,0,0.0258,0.0011,38.80,0.000000,62.00,488.59,1.51,14649.06,2.80,932.39,491.59,491.59,12.01,11.85,0.87
5100,0,0.0255,0.0011,38.85,0.000000,65.00,488.59,1.51,14652.84,2.80,932.39,491.59,491.59,12.08,11.45,0.86
5150,0,0.0256,0.0012,38.97,0.000000,64.00,488.59,1.51,14649.74,2.80,932.39,491.59,491.59,12.04,11.57,0.87
5200,0,0.0257,0.0012,38.60,0.000000,64.00,488.59,1.51,14657.65,2.80,932.39,491.59,491.59,11.98,11.56,0.97
5250,0,0.0256,0.0012,39.08,0.000000,63.00,488.59,1.51,14648.76,2.80,932.39,491.59,491.59,12.01,11.52,0.88
5300,0,0.0257,0.0012,38.78,0.000000,64.00,488.59,1.51,14651.81,2.80,932.39,491.59,491.59,12.03,11.51,0.93
5350,0,0.0255,0.0011,39.11,0.000000,63.00,488.59,1.51,14656.69,2.80,932.39,491.59,491.59,11.98,11.52,0.88
5400,0,0.0255,0.0012,39.00,0.000000,66.00,488.59,1.51,14655.10,2.80,932.39,491.59,491.59,11.91,11.52,0.88
5450,0,0.0257,0.0012,38.89,0.000000,65.00,488.59,1.51,14654.45,2.80,932.39,491.59,491.59,12.04,11.58,0.87
5500,0,0.0257,0.0012,38.80,0.000000,65.00,488.59,1.51,14648.89,2.80,932.39,491.59,491.59,12.09,11.54,0.87
5550,0,0.0257,0.0009,38.86,0.000000,65.00,488.59,1.51,14652.50,2.80,932.39,491.59,491.59,12.12,11.79,0.89
5600,0,0.0258,0.0009,38.99,0.000000,63.00,488.59,1.51,14656.46,2.80,932.39,491.59,491.59,12.19,11.78,0.88
5650,0,0.0255,0.0009,38.35,0.000000,64.00,488.59,1.51,14657.22,2.80,932.39,491.59,491.59,11.92,11.82,0.87
5700,0,0.0256,0.0009,38.39,0.000000,64.00,488.59,1.51,14658.43,2.80,932.39,491.59,491.59,11.97,11.81,0.87
5750,0,0.0262,0.0009,38.56,0.000000,64.00,488.59,1.51,14662.60,2.80,932.39,491.59,491.59,12.52,11.84,0.88
5800,0,0.0257,0.0009,38.99,0.000000,63.00,488.59,1.51,14656.29,2.80,932.39,491.59,491.59,12.19,11.75,0.87
5850,0,0.0256,0.0009,39.03,0.000000,65.00,488.59,1.51,14659.16,2.80,932.39,491.59,491.59,11.98,11.89,0.86
5900,0,0.0259,0.0009,38.17,0.000000,65.00,488.59,1.51,14661.02,2.80,932.39,491.59,491.59,12.25,11.85,0.88
5950,0,0.0256,0.0009,38.95,0.000000,63.00,488.59,1.51,14653.63,2.80,932.39,491.59,491.59,12.05,11.83,0.88
6000,0,0.0257,0.0010,39.19,0.000000,66.00,488.59,1.51,14653.65,2.80,932.39,491.59,491.59,12.02,11.82,0.86
6050,0,0.0256,0.0011,39.12,0.000000,66.00,488.59,1.51,14650.56,2.80,932.39,491.59,491.59,12.02,11.56,0.86
6100,0,0.0258,0.0012,38.83,0.000000,65.00,488.59,1.51,14653.66,2.80,932.39,491.59,491.59,11.91,11.84,0.87
6150,0,0.0258,0.0011,38.66,0.000000,65.00,488.59,1.51,14649.64,2.80,932.39,491.59,491.59,11.91,11.82,0.89
6200,0,0.0259,0.0012,39.01,0.000000,63.00,488.59,1.51,14655.55,2.80,932.39,491.59,491.59,11.92,11.90,0.89
6250,0,0.0259,0.0012,38.57,0.000000,63.00,488.59,1.51,14658.27,2.80,932.39,491.59,491.59,12.00,11.86,0.88
6300,0,0.0258,0.0012,38.59,0.000000,64.00,488.59,1.51,14654.94,2.80,932.39,491.59,491.59,11.92,11.85,0.87
6350,0,0.0257,0.0012,38.67,0.000000,65.00,488.59,1.51,14664.79,2.80,932.39,491.59,491.59,11.84,11.86,0.89
6400,0,0.0260,0.0012,37.98,0.000000,64.00,488.59,1.51,14665.05,2.80,932.39,491.59,491.59,11.99,11.98,0.91
6450,0,0.0259,0.0011,38.75,0.000000,65.00,488.59,1.51,14657.93,2.80,932.39,491.59,491.59,11.93,11.91,0.89
6500,0,0.0259,0.0012,38.75,0.000000,63.00,488.59,1.51,14651.65,2.80,932.39,491.59,491.59,11.93,11.90,0.90
6550,0,0.0257,0.0009,38.73,0.000000,64.00,488.59,1.51,14651.34,2.80,932.39,491.59,491.59,11.78,12.06,0.89
6600,0,0.0259,0.0009,38.56,0.000000,65.00,488.59,1.51,14653.71,2.80,932.39,491.59,491.59,12.02,12.09,0.87
6650,0,0.0259,0.0009,38.57,0.000000,64.00,488.59,1.51,14652.58,2.80,932.39,491.59,491.59,11.98,12.10,0.94
6700,0,0.0259,0.0010,38.49,0.000000,63.00,488.59,1.51,14655.48,2.80,932.39,491.59,491.59,11.94,12.08,0.89
6750,0,0.0260,0.0011,38.12,0.000000,64.00,488.59,1.51,14654.64,2.80,932.39,491.59,491.59,12.03,12.07,0.87
6800,0,0.0264,0.0010,38.56,0.000000,63.00,488.59,1.51,14649.48,2.80,932.39,491.59,491.59,12.35,12.15,0.89
6850,0,0.0259,0.0009,38.57,0.000000,64.00,488.59,1.51,14653.05,2.80,932.39,491.59,491.59,11.90,12.17,0.88
6900,0,0.0264,0.0009,38.57,0.000000,64.00,488.59,1.51,14650.10,2.80,932.39,491.59,491.59,12.51,12.11,0.87
6950,0,0.0259,0.0009,37.83,0.000000,62.00,488.59,1.51,14647.62,2.80,932.39,491.59,491.59,12.02,12.10,0.86
7000,0,0.0258,0.0009,38.43,0.000000,63.00,488.59,1.51,14654.04,2.80,932.39,491.59,491.59,11.88,12.14,0.86
7050,0,0.0265,0.0011,38.67,0.000000,65.00,488.59,1.51,14652.98,2.80,932.39,491.59,491.59,12.63,11.84,0.88
7100,0,0.0255,0.0011,39.20,0.000000,64.00,488.59,1.51,14656.53,2.80,932.39,491.59,491.59,12.02,11.49,0.88
7150,0,0.0256,0.0011,39.33,0.000000,64.00,488.59,1.51,14653.89,2.80,932.39,491.59,491.59,12.03,11.61,0.86
7200,0,0.0254,0.0011,39.22,0.000000,66.00,488.59,1.51,14659.25,2.80,932.39,491.59,491.59,11.85,11.54,0.87
7250,0,0.0254,0.0012,39.39,0.000000,65.00,488.59,1.51,14656.73,2.80,932.39,491.59,491.59,11.92,11.46,0.88
7300,0,0.0257,0.0012,38.80,0.000000,66.00,488.59,1.51,14655.78,2.80,932.39,491.59,491.59,12.07,11.60,0.88
7350,0,0.0256,0.0012,38.99,0.000000,65.00,488.59,1.51,14657.84,2.80,932.39,491.59,491.59,12.02,11.49,0.87
7400,0,0.0257,0.0012,39.17,0.000000,65.00,488.59,1.51,14660.75,2.80,932.39,491.59,491.59,12.14,11.55,0.86
7450,0,0.0256,0.0011,39.18,0.000000,64.00,488.59,1.51,14661.45,2.80,932.39,491.59,491.59,12.04,11.50,0.87
7500,0,0.0258,0.0011,38.94,0.000000,65.00,488.59,1.51,14659.66,2.80,932.39,491.59,491.59,12.24,11.59,0.88
7550,0,0.0264,0.0011,39.05,0.000000,65.00,488.59,1.51,14647.09,2.80,932.39,491.59,491.59,12.76,11.59,0.88
7600,0,0.0256,0.0009,39.20,0.000000,65.00,488.59,1.51,14650.38,2.80,932.39,491.59,491.59,12.04,11.75,0.86
7650,0,0.0257,0.0009,38.22,0.000000,63.00,488.59,1.51,14653.11,2.80,932.39,491.59,491.59,12.10,11.78,0.88
